sku;codi;empresa;preciouno;vigenciauno;preciodos;vigenciados;preciotres;vigenciatres;preciocuatro;vigenciacuatro;pvp
OLED65B8SSC;0111-060056;ORIENTE;1000;01-01-2019/07-01-2019;2000;08-01-2019/15-01-2019;3000;16-01-2019/21-01-2019;4000;22-01-2019/31-01-2019;5500
OLED55B8SSC;0111-060051;ORIENTE;1000;01-01-2019/07-01-2019;2000;08-01-2019/15-01-2019;3000;16-01-2019/21-01-2019;4000;22-01-2019/31-01-2019;5500
43UM7300PSA;0111-070386;ORIENTE;1000;01-01-2019/07-01-2019;2000;08-01-2019/15-01-2019;3000;16-01-2019/21-01-2019;4000;22-01-2019/31-01-2019;5500
75UK6570;0111-070236;ORIENTE;1000;01-01-2019/07-01-2019;2000;08-01-2019/15-01-2019;3000;16-01-2019/21-01-2019;4000;22-01-2019/31-01-2019;5500
70UK6550PSB;0111-070091;ORIENTE;1000;01-01-2019/07-01-2019;2000;08-01-2019/15-01-2019;3000;16-01-2019/21-01-2019;4000;22-01-2019/31-01-2019;5500
49UM7100PSA;0111-070396;ORIENTE;1000;01-01-2019/07-01-2019;2000;08-01-2019/15-01-2019;3000;16-01-2019/21-01-2019;4000;22-01-2019/31-01-2019;5500
65UK6350PSC;0111-070076;ORIENTE;1000;01-01-2019/07-01-2019;2000;08-01-2019/15-01-2019;3000;16-01-2019/21-01-2019;4000;22-01-2019/31-01-2019;5500
65SK8000PSA;0111-070186;ORIENTE;1000;01-01-2019/07-01-2019;2000;08-01-2019/15-01-2019;3000;16-01-2019/21-01-2019;4000;22-01-2019/31-01-2019;5500
60UK6200PSA;0111-070291;ORIENTE;1000;01-01-2019/07-01-2019;2000;08-01-2019/15-01-2019;3000;16-01-2019/21-01-2019;4000;22-01-2019/31-01-2019;5500
50UM7500PSB;0111-070356;ORIENTE;1000;01-01-2019/07-01-2019;2000;08-01-2019/15-01-2019;3000;16-01-2019/21-01-2019;4000;22-01-2019/31-01-2019;5500
55UM7400PSA;0111-070401;ORIENTE;1000;01-01-2019/07-01-2019;2000;08-01-2019/15-01-2019;3000;16-01-2019/21-01-2019;4000;22-01-2019/31-01-2019;5500
55UK7500PSA;0111-070101;ORIENTE;1000;01-01-2019/07-01-2019;2000;08-01-2019/15-01-2019;3000;16-01-2019/21-01-2019;4000;22-01-2019/31-01-2019;5500
55UK6550PSB;0111-070086;ORIENTE;1000;01-01-2019/07-01-2019;2000;08-01-2019/15-01-2019;3000;16-01-2019/21-01-2019;4000;22-01-2019/31-01-2019;5500
55UK6200;0111-070256;ORIENTE;1000;01-01-2019/07-01-2019;2000;08-01-2019/15-01-2019;3000;16-01-2019/21-01-2019;4000;22-01-2019/31-01-2019;5500
55SM8600PSA;0111-070331;ORIENTE;1000;01-01-2019/07-01-2019;2000;08-01-2019/15-01-2019;3000;16-01-2019/21-01-2019;4000;22-01-2019/31-01-2019;5500
55SM8100PSA;0111-070341;ORIENTE;1000;01-01-2019/07-01-2019;2000;08-01-2019/15-01-2019;3000;16-01-2019/21-01-2019;4000;22-01-2019/31-01-2019;5500
55SK8000PSA;0111-070121;ORIENTE;1000;01-01-2019/07-01-2019;2000;08-01-2019/15-01-2019;3000;16-01-2019/21-01-2019;4000;22-01-2019/31-01-2019;5500
55UM7650PSB;0111-070351;ORIENTE;1000;01-01-2019/07-01-2019;2000;08-01-2019/15-01-2019;3000;16-01-2019/21-01-2019;4000;22-01-2019/31-01-2019;5500
50UK6550PSB;0111-070081;ORIENTE;1000;01-01-2019/07-01-2019;2000;08-01-2019/15-01-2019;3000;16-01-2019/21-01-2019;4000;22-01-2019/31-01-2019;5500
65UM7650PSB;0111-070346;ORIENTE;1000;01-01-2019/07-01-2019;2000;08-01-2019/15-01-2019;3000;16-01-2019/21-01-2019;4000;22-01-2019/31-01-2019;5500
49UK7500PSA;0111-070096;ORIENTE;1000;01-01-2019/07-01-2019;2000;08-01-2019/15-01-2019;3000;16-01-2019/21-01-2019;4000;22-01-2019/31-01-2019;5500
49UK6200PSA;0111-070296;ORIENTE;1000;01-01-2019/07-01-2019;2000;08-01-2019/15-01-2019;3000;16-01-2019/21-01-2019;4000;22-01-2019/31-01-2019;5500
49SM8000PSA;0111-070391;ORIENTE;1000;01-01-2019/07-01-2019;2000;08-01-2019/15-01-2019;3000;16-01-2019/21-01-2019;4000;22-01-2019/31-01-2019;5500
49LK5400;0111-070311;ORIENTE;1000;01-01-2019/07-01-2019;2000;08-01-2019/15-01-2019;3000;16-01-2019/21-01-2019;4000;22-01-2019/31-01-2019;5500
75UM7570PSB;0111-070441;ORIENTE;1000;01-01-2019/07-01-2019;2000;08-01-2019/15-01-2019;3000;16-01-2019/21-01-2019;4000;22-01-2019/31-01-2019;5500
43UK6200;0111-070306;ORIENTE;1000;01-01-2019/07-01-2019;2000;08-01-2019/15-01-2019;3000;16-01-2019/21-01-2019;4000;22-01-2019/31-01-2019;5500
32LM630BPSB;0111-070361;ORIENTE;1000;01-01-2019/07-01-2019;2000;08-01-2019/15-01-2019;3000;16-01-2019/21-01-2019;4000;22-01-2019/31-01-2019;5500
43LK5700PSC;0111-070056;ORIENTE;1000;01-01-2019/07-01-2019;2000;08-01-2019/15-01-2019;3000;16-01-2019/21-01-2019;4000;22-01-2019/31-01-2019;5500
43LK5400;0111-070301;ORIENTE;1000;01-01-2019/07-01-2019;2000;08-01-2019/15-01-2019;3000;16-01-2019/21-01-2019;4000;22-01-2019/31-01-2019;5500
43LM6300;0111-070326;ORIENTE;1000;01-01-2019/07-01-2019;2000;08-01-2019/15-01-2019;3000;16-01-2019/21-01-2019;4000;22-01-2019/31-01-2019;5500
32LK540BPSA;0111-070116;ORIENTE;1000;01-01-2019/07-01-2019;2000;08-01-2019/15-01-2019;3000;16-01-2019/21-01-2019;4000;22-01-2019/31-01-2019;5500
32LK500B;0111-041566;ORIENTE;1000;01-01-2019/07-01-2019;2000;08-01-2019/15-01-2019;3000;16-01-2019/21-01-2019;4000;22-01-2019/31-01-2019;5500
24TK410D;0111-041576;ORIENTE;1000;01-01-2019/07-01-2019;2000;08-01-2019/15-01-2019;3000;16-01-2019/21-01-2019;4000;22-01-2019/31-01-2019;5500
28LK430B;0111-041571;ORIENTE;1000;01-01-2019/07-01-2019;2000;08-01-2019/15-01-2019;3000;16-01-2019/21-01-2019;4000;22-01-2019/31-01-2019;5500
DP-132;0110-010367;ORIENTE;1000;01-01-2019/07-01-2019;2000;08-01-2019/15-01-2019;3000;16-01-2019/21-01-2019;4000;22-01-2019/31-01-2019;5500
BP250;0110-070166;ORIENTE;1000;01-01-2019/07-01-2019;2000;08-01-2019/15-01-2019;3000;16-01-2019/21-01-2019;4000;22-01-2019/31-01-2019;5500
BP255;0110-070196;ORIENTE;1000;01-01-2019/07-01-2019;2000;08-01-2019/15-01-2019;3000;16-01-2019/21-01-2019;4000;22-01-2019/31-01-2019;5500
LK72B.EPERLLF;0104-040699;ORIENTE;1000;01-01-2019/07-01-2019;2000;08-01-2019/15-01-2019;3000;16-01-2019/21-01-2019;4000;22-01-2019/31-01-2019;5500
CM4360;0104-040499;ORIENTE;1000;01-01-2019/07-01-2019;2000;08-01-2019/15-01-2019;3000;16-01-2019/21-01-2019;4000;22-01-2019/31-01-2019;5500
CJ44;0104-040559;ORIENTE;1000;01-01-2019/07-01-2019;2000;08-01-2019/15-01-2019;3000;16-01-2019/21-01-2019;4000;22-01-2019/31-01-2019;5500
CJ45;0104-040564;ORIENTE;1000;01-01-2019/07-01-2019;2000;08-01-2019/15-01-2019;3000;16-01-2019/21-01-2019;4000;22-01-2019/31-01-2019;5500
CK57;0104-040624;ORIENTE;1000;01-01-2019/07-01-2019;2000;08-01-2019/15-01-2019;3000;16-01-2019/21-01-2019;4000;22-01-2019/31-01-2019;5500
CJ87;0104-040569;ORIENTE;1000;01-01-2019/07-01-2019;2000;08-01-2019/15-01-2019;3000;16-01-2019/21-01-2019;4000;22-01-2019/31-01-2019;5500
CJ88;0104-040574;ORIENTE;1000;01-01-2019/07-01-2019;2000;08-01-2019/15-01-2019;3000;16-01-2019/21-01-2019;4000;22-01-2019/31-01-2019;5500
CJ98;0104-040579;ORIENTE;1000;01-01-2019/07-01-2019;2000;08-01-2019/15-01-2019;3000;16-01-2019/21-01-2019;4000;22-01-2019/31-01-2019;5500
CL87;0104-010453;ORIENTE;1000;01-01-2019/07-01-2019;2000;08-01-2019/15-01-2019;3000;16-01-2019/21-01-2019;4000;22-01-2019/31-01-2019;5500
CL88;0104-010458;ORIENTE;1000;01-01-2019/07-01-2019;2000;08-01-2019/15-01-2019;3000;16-01-2019/21-01-2019;4000;22-01-2019/31-01-2019;5500
CL98;0104-010463;ORIENTE;1000;01-01-2019/07-01-2019;2000;08-01-2019/15-01-2019;3000;16-01-2019/21-01-2019;4000;22-01-2019/31-01-2019;5500
CK99;0104-040629;ORIENTE;1000;01-01-2019/07-01-2019;2000;08-01-2019/15-01-2019;3000;16-01-2019/21-01-2019;4000;22-01-2019/31-01-2019;5500
OM4560;0104-010408;ORIENTE;1000;01-01-2019/07-01-2019;2000;08-01-2019/15-01-2019;3000;16-01-2019/21-01-2019;4000;22-01-2019/31-01-2019;5500
OM7560;0104-040689;ORIENTE;1000;01-01-2019/07-01-2019;2000;08-01-2019/15-01-2019;3000;16-01-2019/21-01-2019;4000;22-01-2019/31-01-2019;5500
OJ98;0104-010428;ORIENTE;1000;01-01-2019/07-01-2019;2000;08-01-2019/15-01-2019;3000;16-01-2019/21-01-2019;4000;22-01-2019/31-01-2019;5500
OK55;0104-040639;ORIENTE;1000;01-01-2019/07-01-2019;2000;08-01-2019/15-01-2019;3000;16-01-2019/21-01-2019;4000;22-01-2019/31-01-2019;5500
OK75;0104-040649;ORIENTE;1000;01-01-2019/07-01-2019;2000;08-01-2019/15-01-2019;3000;16-01-2019/21-01-2019;4000;22-01-2019/31-01-2019;5500
OK99;0104-040644;ORIENTE;1000;01-01-2019/07-01-2019;2000;08-01-2019/15-01-2019;3000;16-01-2019/21-01-2019;4000;22-01-2019/31-01-2019;5500
OL100;0104-040694;ORIENTE;1000;01-01-2019/07-01-2019;2000;08-01-2019/15-01-2019;3000;16-01-2019/21-01-2019;4000;22-01-2019/31-01-2019;5500
FJ7;0104-040634;ORIENTE;1000;01-01-2019/07-01-2019;2000;08-01-2019/15-01-2019;3000;16-01-2019/21-01-2019;4000;22-01-2019/31-01-2019;5500
0;#N/A;ORIENTE;1000;01-01-2019/07-01-2019;2000;08-01-2019/15-01-2019;3000;16-01-2019/21-01-2019;4000;22-01-2019/31-01-2019;5500
0;#N/A;ORIENTE;1000;01-01-2019/07-01-2019;2000;08-01-2019/15-01-2019;3000;16-01-2019/21-01-2019;4000;22-01-2019/31-01-2019;5500
PK5;0104-070001;ORIENTE;1000;01-01-2019/07-01-2019;2000;08-01-2019/15-01-2019;3000;16-01-2019/21-01-2019;4000;22-01-2019/31-01-2019;5500
PK7;0104-070006;ORIENTE;1000;01-01-2019/07-01-2019;2000;08-01-2019/15-01-2019;3000;16-01-2019/21-01-2019;4000;22-01-2019/31-01-2019;5500
0;#N/A;ORIENTE;1000;01-01-2019/07-01-2019;2000;08-01-2019/15-01-2019;3000;16-01-2019/21-01-2019;4000;22-01-2019/31-01-2019;5500
0;#N/A;ORIENTE;1000;01-01-2019/07-01-2019;2000;08-01-2019/15-01-2019;3000;16-01-2019/21-01-2019;4000;22-01-2019/31-01-2019;5500
0;#N/A;ORIENTE;1000;01-01-2019/07-01-2019;2000;08-01-2019/15-01-2019;3000;16-01-2019/21-01-2019;4000;22-01-2019/31-01-2019;5500
0;#N/A;ORIENTE;1000;01-01-2019/07-01-2019;2000;08-01-2019/15-01-2019;3000;16-01-2019/21-01-2019;4000;22-01-2019/31-01-2019;5500
0;#N/A;ORIENTE;1000;01-01-2019/07-01-2019;2000;08-01-2019/15-01-2019;3000;16-01-2019/21-01-2019;4000;22-01-2019/31-01-2019;5500
0;#N/A;ORIENTE;1000;01-01-2019/07-01-2019;2000;08-01-2019/15-01-2019;3000;16-01-2019/21-01-2019;4000;22-01-2019/31-01-2019;5500
CM5760;0104-010423;ORIENTE;1000;01-01-2019/07-01-2019;2000;08-01-2019/15-01-2019;3000;16-01-2019/21-01-2019;4000;22-01-2019/31-01-2019;5500
CM9960;0104-040534;ORIENTE;1000;01-01-2019/07-01-2019;2000;08-01-2019/15-01-2019;3000;16-01-2019/21-01-2019;4000;22-01-2019/31-01-2019;5500
RSG316T;0402-011988;ORIENTE;1000;01-01-2019/07-01-2019;2000;08-01-2019/15-01-2019;3000;16-01-2019/21-01-2019;4000;22-01-2019/31-01-2019;5500
RSG315T;0402-011993;ORIENTE;1000;01-01-2019/07-01-2019;2000;08-01-2019/15-01-2019;3000;16-01-2019/21-01-2019;4000;22-01-2019/31-01-2019;5500
RSG314M;0402-011998;ORIENTE;1000;01-01-2019/07-01-2019;2000;08-01-2019/15-01-2019;3000;16-01-2019/21-01-2019;4000;22-01-2019/31-01-2019;5500
MH8296DIR;0405-010558;ORIENTE;1000;01-01-2019/07-01-2019;2000;08-01-2019/15-01-2019;3000;16-01-2019/21-01-2019;4000;22-01-2019/31-01-2019;5500
MH6596DIR;0405-010573;ORIENTE;1000;01-01-2019/07-01-2019;2000;08-01-2019/15-01-2019;3000;16-01-2019/21-01-2019;4000;22-01-2019/31-01-2019;5500
MH6536GIS;0405-010578;ORIENTE;1000;01-01-2019/07-01-2019;2000;08-01-2019/15-01-2019;3000;16-01-2019/21-01-2019;4000;22-01-2019/31-01-2019;5500
MS4296DIR;0405-010583;ORIENTE;1000;01-01-2019/07-01-2019;2000;08-01-2019/15-01-2019;3000;16-01-2019/21-01-2019;4000;22-01-2019/31-01-2019;5500
MS2596DIR;0405-010563;ORIENTE;1000;01-01-2019/07-01-2019;2000;08-01-2019/15-01-2019;3000;16-01-2019/21-01-2019;4000;22-01-2019/31-01-2019;5500
MS2536GIS;0405-010568;ORIENTE;1000;01-01-2019/07-01-2019;2000;08-01-2019/15-01-2019;3000;16-01-2019/21-01-2019;4000;22-01-2019/31-01-2019;5500
LB41BPP;0407-031978;ORIENTE;1000;01-01-2019/07-01-2019;2000;08-01-2019/15-01-2019;3000;16-01-2019/21-01-2019;4000;22-01-2019/31-01-2019;5500
LB41WGT;0407-031988;ORIENTE;1000;01-01-2019/07-01-2019;2000;08-01-2019/15-01-2019;3000;16-01-2019/21-01-2019;4000;22-01-2019/31-01-2019;5500
LB46TGT;0407-031983;ORIENTE;1000;01-01-2019/07-01-2019;2000;08-01-2019/15-01-2019;3000;16-01-2019/21-01-2019;4000;22-01-2019/31-01-2019;5500
GS65SDPN;0407-031918;ORIENTE;1000;01-01-2019/07-01-2019;2000;08-01-2019/15-01-2019;3000;16-01-2019/21-01-2019;4000;22-01-2019/31-01-2019;5500
GS65SPPN;0407-031638;ORIENTE;1000;01-01-2019/07-01-2019;2000;08-01-2019/15-01-2019;3000;16-01-2019/21-01-2019;4000;22-01-2019/31-01-2019;5500
LS65SXN;0407-031853;ORIENTE;1000;01-01-2019/07-01-2019;2000;08-01-2019/15-01-2019;3000;16-01-2019/21-01-2019;4000;22-01-2019/31-01-2019;5500
LS63SPGK;0407-031733;ORIENTE;1000;01-01-2019/07-01-2019;2000;08-01-2019/15-01-2019;3000;16-01-2019/21-01-2019;4000;22-01-2019/31-01-2019;5500
GT22BPP;0407-031708;ORIENTE;1000;01-01-2019/07-01-2019;2000;08-01-2019/15-01-2019;3000;16-01-2019/21-01-2019;4000;22-01-2019/31-01-2019;5500
GT26BPG;0407-031908;ORIENTE;1000;01-01-2019/07-01-2019;2000;08-01-2019/15-01-2019;3000;16-01-2019/21-01-2019;4000;22-01-2019/31-01-2019;5500
GT29WPPDC;0407-032013;ORIENTE;1000;01-01-2019/07-01-2019;2000;08-01-2019/15-01-2019;3000;16-01-2019/21-01-2019;4000;22-01-2019/31-01-2019;5500
GT32BPPDC;0407-032008;ORIENTE;1000;01-01-2019/07-01-2019;2000;08-01-2019/15-01-2019;3000;16-01-2019/21-01-2019;4000;22-01-2019/31-01-2019;5500
LT32BPP;0407-031723;ORIENTE;1000;01-01-2019/07-01-2019;2000;08-01-2019/15-01-2019;3000;16-01-2019/21-01-2019;4000;22-01-2019/31-01-2019;5500
GT32WPP;0407-031243;ORIENTE;1000;01-01-2019/07-01-2019;2000;08-01-2019/15-01-2019;3000;16-01-2019/21-01-2019;4000;22-01-2019/31-01-2019;5500
LT39WPP;0407-031808;ORIENTE;1000;01-01-2019/07-01-2019;2000;08-01-2019/15-01-2019;3000;16-01-2019/21-01-2019;4000;22-01-2019/31-01-2019;5500
LT41SGP;0407-031683;ORIENTE;1000;01-01-2019/07-01-2019;2000;08-01-2019/15-01-2019;3000;16-01-2019/21-01-2019;4000;22-01-2019/31-01-2019;5500
LT51SGD;0407-031973;ORIENTE;1000;01-01-2019/07-01-2019;2000;08-01-2019/15-01-2019;3000;16-01-2019/21-01-2019;4000;22-01-2019/31-01-2019;5500
LT44AGD;0407-031948;ORIENTE;1000;01-01-2019/07-01-2019;2000;08-01-2019/15-01-2019;3000;16-01-2019/21-01-2019;4000;22-01-2019/31-01-2019;5500
LT44WGP;0407-031898;ORIENTE;1000;01-01-2019/07-01-2019;2000;08-01-2019/15-01-2019;3000;16-01-2019/21-01-2019;4000;22-01-2019/31-01-2019;5500
F1508ERDS;0406-010987;ORIENTE;1000;01-01-2019/07-01-2019;2000;08-01-2019/15-01-2019;3000;16-01-2019/21-01-2019;4000;22-01-2019/31-01-2019;5500
F1107VRDSD;0406-010982;ORIENTE;1000;01-01-2019/07-01-2019;2000;08-01-2019/15-01-2019;3000;16-01-2019/21-01-2019;4000;22-01-2019/31-01-2019;5500
WT22BSS6H;0406-011037;ORIENTE;1000;01-01-2019/07-01-2019;2000;08-01-2019/15-01-2019;3000;16-01-2019/21-01-2019;4000;22-01-2019/31-01-2019;5500
WT19BSS6H;0406-011022;ORIENTE;1000;01-01-2019/07-01-2019;2000;08-01-2019/15-01-2019;3000;16-01-2019/21-01-2019;4000;22-01-2019/31-01-2019;5500
WT17BSS6H;0406-011017;ORIENTE;1000;01-01-2019/07-01-2019;2000;08-01-2019/15-01-2019;3000;16-01-2019/21-01-2019;4000;22-01-2019/31-01-2019;5500
WT16BS6H;0406-011032;ORIENTE;1000;01-01-2019/07-01-2019;2000;08-01-2019/15-01-2019;3000;16-01-2019/21-01-2019;4000;22-01-2019/31-01-2019;5500
TS1806NV;0406-010977;ORIENTE;1000;01-01-2019/07-01-2019;2000;08-01-2019/15-01-2019;3000;16-01-2019/21-01-2019;4000;22-01-2019/31-01-2019;5500
TS1805NS;0406-010952;ORIENTE;1000;01-01-2019/07-01-2019;2000;08-01-2019/15-01-2019;3000;16-01-2019/21-01-2019;4000;22-01-2019/31-01-2019;5500
TS1804NW;0406-010947;ORIENTE;1000;01-01-2019/07-01-2019;2000;08-01-2019/15-01-2019;3000;16-01-2019/21-01-2019;4000;22-01-2019/31-01-2019;5500
TS1605NS;0406-010882;ORIENTE;1000;01-01-2019/07-01-2019;2000;08-01-2019/15-01-2019;3000;16-01-2019/21-01-2019;4000;22-01-2019/31-01-2019;5500
TS1604NW;0406-010917;ORIENTE;1000;01-01-2019/07-01-2019;2000;08-01-2019/15-01-2019;3000;16-01-2019/21-01-2019;4000;22-01-2019/31-01-2019;5500
WT13VSB;0406-011027;ORIENTE;1000;01-01-2019/07-01-2019;2000;08-01-2019/15-01-2019;3000;16-01-2019/21-01-2019;4000;22-01-2019/31-01-2019;5500
TS1366NTP;0406-010962;ORIENTE;1000;01-01-2019/07-01-2019;2000;08-01-2019/15-01-2019;3000;16-01-2019/21-01-2019;4000;22-01-2019/31-01-2019;5500
TS1365NTP;0406-010967;ORIENTE;1000;01-01-2019/07-01-2019;2000;08-01-2019/15-01-2019;3000;16-01-2019/21-01-2019;4000;22-01-2019/31-01-2019;5500
CXSG124S;0102-010329;ORIENTE;1000;01-01-2019/07-01-2019;2000;08-01-2019/15-01-2019;3000;16-01-2019/21-01-2019;4000;22-01-2019/31-01-2019;5500
0;#N/A;ORIENTE;1000;01-01-2019/07-01-2019;2000;08-01-2019/15-01-2019;3000;16-01-2019/21-01-2019;4000;22-01-2019/31-01-2019;5500
MEX-N4150BT+GTF;0102-010284;ORIENTE;1000;01-01-2019/07-01-2019;2000;08-01-2019/15-01-2019;3000;16-01-2019/21-01-2019;4000;22-01-2019/31-01-2019;5500
MHC-GPX555;0104-010333;ORIENTE;1000;01-01-2019/07-01-2019;2000;08-01-2019/15-01-2019;3000;16-01-2019/21-01-2019;4000;22-01-2019/31-01-2019;5500
MEXN4300BT;0102-010349;ORIENTE;1000;01-01-2019/07-01-2019;2000;08-01-2019/15-01-2019;3000;16-01-2019/21-01-2019;4000;22-01-2019/31-01-2019;5500
MHC-GPX555;0104-010333;ORIENTE;1000;01-01-2019/07-01-2019;2000;08-01-2019/15-01-2019;3000;16-01-2019/21-01-2019;4000;22-01-2019/31-01-2019;5500
MHC-GT4D;0104-040539;ORIENTE;1000;01-01-2019/07-01-2019;2000;08-01-2019/15-01-2019;3000;16-01-2019/21-01-2019;4000;22-01-2019/31-01-2019;5500
MHC-V11;0104-040549;ORIENTE;1000;01-01-2019/07-01-2019;2000;08-01-2019/15-01-2019;3000;16-01-2019/21-01-2019;4000;22-01-2019/31-01-2019;5500
MHC-V44D;0104-040544;ORIENTE;1000;01-01-2019/07-01-2019;2000;08-01-2019/15-01-2019;3000;16-01-2019/21-01-2019;4000;22-01-2019/31-01-2019;5500
MHC-V77;0104-010413;ORIENTE;1000;01-01-2019/07-01-2019;2000;08-01-2019/15-01-2019;3000;16-01-2019/21-01-2019;4000;22-01-2019/31-01-2019;5500
MHC-V90DW;0104-040604;ORIENTE;1000;01-01-2019/07-01-2019;2000;08-01-2019/15-01-2019;3000;16-01-2019/21-01-2019;4000;22-01-2019/31-01-2019;5500
MHC-ECL77;0104-040419;ORIENTE;1000;01-01-2019/07-01-2019;2000;08-01-2019/15-01-2019;3000;16-01-2019/21-01-2019;4000;22-01-2019/31-01-2019;5500
MHC-ECL99;0104-040424;ORIENTE;1000;01-01-2019/07-01-2019;2000;08-01-2019/15-01-2019;3000;16-01-2019/21-01-2019;4000;22-01-2019/31-01-2019;5500
XS-FB1630;0102-020050;ORIENTE;1000;01-01-2019/07-01-2019;2000;08-01-2019/15-01-2019;3000;16-01-2019/21-01-2019;4000;22-01-2019/31-01-2019;5500
XS-FB6930Z1;0102-010309;ORIENTE;1000;01-01-2019/07-01-2019;2000;08-01-2019/15-01-2019;3000;16-01-2019/21-01-2019;4000;22-01-2019/31-01-2019;5500
BDP-S1500;0110-070171;ORIENTE;1000;01-01-2019/07-01-2019;2000;08-01-2019/15-01-2019;3000;16-01-2019/21-01-2019;4000;22-01-2019/31-01-2019;5500
BDP-S3500;0110-070176;ORIENTE;1000;01-01-2019/07-01-2019;2000;08-01-2019/15-01-2019;3000;16-01-2019/21-01-2019;4000;22-01-2019/31-01-2019;5500
DVP-SR370;0110-010362;ORIENTE;1000;01-01-2019/07-01-2019;2000;08-01-2019/15-01-2019;3000;16-01-2019/21-01-2019;4000;22-01-2019/31-01-2019;5500
KDL-48W655D;0111-041066;ORIENTE;1000;01-01-2019/07-01-2019;2000;08-01-2019/15-01-2019;3000;16-01-2019/21-01-2019;4000;22-01-2019/31-01-2019;5500
HCD-SHAKEX10;0104-040599;ORIENTE;1000;01-01-2019/07-01-2019;2000;08-01-2019/15-01-2019;3000;16-01-2019/21-01-2019;4000;22-01-2019/31-01-2019;5500
HCD-SHAKEX30;0104-040594;ORIENTE;1000;01-01-2019/07-01-2019;2000;08-01-2019/15-01-2019;3000;16-01-2019/21-01-2019;4000;22-01-2019/31-01-2019;5500
HCD-SHAKEX70;0104-040589;ORIENTE;1000;01-01-2019/07-01-2019;2000;08-01-2019/15-01-2019;3000;16-01-2019/21-01-2019;4000;22-01-2019/31-01-2019;5500
MHC-M40D;0104-040619;ORIENTE;1000;01-01-2019/07-01-2019;2000;08-01-2019/15-01-2019;3000;16-01-2019/21-01-2019;4000;22-01-2019/31-01-2019;5500
MHC-M60D;0104-040614;ORIENTE;1000;01-01-2019/07-01-2019;2000;08-01-2019/15-01-2019;3000;16-01-2019/21-01-2019;4000;22-01-2019/31-01-2019;5500
MHC-M80D;0104-040609;ORIENTE;1000;01-01-2019/07-01-2019;2000;08-01-2019/15-01-2019;3000;16-01-2019/21-01-2019;4000;22-01-2019/31-01-2019;5500
KDL-32W605D;0111-041156;ORIENTE;1000;01-01-2019/07-01-2019;2000;08-01-2019/15-01-2019;3000;16-01-2019/21-01-2019;4000;22-01-2019/31-01-2019;5500
KDL-40W655D;0111-041061;ORIENTE;1000;01-01-2019/07-01-2019;2000;08-01-2019/15-01-2019;3000;16-01-2019/21-01-2019;4000;22-01-2019/31-01-2019;5500
KD-49X725F;0111-070111;ORIENTE;1000;01-01-2019/07-01-2019;2000;08-01-2019/15-01-2019;3000;16-01-2019/21-01-2019;4000;22-01-2019/31-01-2019;5500
KD-55X725F;0111-070131;ORIENTE;1000;01-01-2019/07-01-2019;2000;08-01-2019/15-01-2019;3000;16-01-2019/21-01-2019;4000;22-01-2019/31-01-2019;5500
L32T660BTS;0111-041551;ORIENTE;1000;01-01-2019/07-01-2019;2000;08-01-2019/15-01-2019;3000;16-01-2019/21-01-2019;4000;22-01-2019/31-01-2019;5500
L32V780BTS;0111-070126;ORIENTE;1000;01-01-2019/07-01-2019;2000;08-01-2019/15-01-2019;3000;16-01-2019/21-01-2019;4000;22-01-2019/31-01-2019;5500
L24T650ABS;0111-041481;ORIENTE;1000;01-01-2019/07-01-2019;2000;08-01-2019/15-01-2019;3000;16-01-2019/21-01-2019;4000;22-01-2019/31-01-2019;5500
L32S650AHS;0111-041241;ORIENTE;1000;01-01-2019/07-01-2019;2000;08-01-2019/15-01-2019;3000;16-01-2019/21-01-2019;4000;22-01-2019/31-01-2019;5500
L43S780BTS;0111-070006;ORIENTE;1000;01-01-2019/07-01-2019;2000;08-01-2019/15-01-2019;3000;16-01-2019/21-01-2019;4000;22-01-2019/31-01-2019;5500
L55S780BTS;0111-041401;ORIENTE;1000;01-01-2019/07-01-2019;2000;08-01-2019/15-01-2019;3000;16-01-2019/21-01-2019;4000;22-01-2019/31-01-2019;5500
DWF-195ECG;0406-010997;ORIENTE;1000;01-01-2019/07-01-2019;2000;08-01-2019/15-01-2019;3000;16-01-2019/21-01-2019;4000;22-01-2019/31-01-2019;5500
FD-212HCS;0407-020130;ORIENTE;1000;01-01-2019/07-01-2019;2000;08-01-2019/15-01-2019;3000;16-01-2019/21-01-2019;4000;22-01-2019/31-01-2019;5500
RGP-25GFD;0407-031858;ORIENTE;1000;01-01-2019/07-01-2019;2000;08-01-2019/15-01-2019;3000;16-01-2019/21-01-2019;4000;22-01-2019/31-01-2019;5500
RF-34NCBG;0407-031953;ORIENTE;1000;01-01-2019/07-01-2019;2000;08-01-2019/15-01-2019;3000;16-01-2019/21-01-2019;4000;22-01-2019/31-01-2019;5500
FRS-530MCBG;0407-031958;ORIENTE;1000;01-01-2019/07-01-2019;2000;08-01-2019/15-01-2019;3000;16-01-2019/21-01-2019;4000;22-01-2019/31-01-2019;5500
LE24H1351;0111-041006;ORIENTE;1000;01-01-2019/07-01-2019;2000;08-01-2019/15-01-2019;3000;16-01-2019/21-01-2019;4000;22-01-2019/31-01-2019;5500
LE32M1370;0111-041516;ORIENTE;1000;01-01-2019/07-01-2019;2000;08-01-2019/15-01-2019;3000;16-01-2019/21-01-2019;4000;22-01-2019/31-01-2019;5500
LE32M3370;0111-041581;ORIENTE;1000;01-01-2019/07-01-2019;2000;08-01-2019/15-01-2019;3000;16-01-2019/21-01-2019;4000;22-01-2019/31-01-2019;5500
LE40M1370;0111-041586;ORIENTE;1000;01-01-2019/07-01-2019;2000;08-01-2019/15-01-2019;3000;16-01-2019/21-01-2019;4000;22-01-2019/31-01-2019;5500
LE32S5970S;0111-070051;ORIENTE;1000;01-01-2019/07-01-2019;2000;08-01-2019/15-01-2019;3000;16-01-2019/21-01-2019;4000;22-01-2019/31-01-2019;5500
32S5285;0111-070266;ORIENTE;1000;01-01-2019/07-01-2019;2000;08-01-2019/15-01-2019;3000;16-01-2019/21-01-2019;4000;22-01-2019/31-01-2019;5500
LE43S5970S;0111-041501;ORIENTE;1000;01-01-2019/07-01-2019;2000;08-01-2019/15-01-2019;3000;16-01-2019/21-01-2019;4000;22-01-2019/31-01-2019;5500
43S5285;0111-070271;ORIENTE;1000;01-01-2019/07-01-2019;2000;08-01-2019/15-01-2019;3000;16-01-2019/21-01-2019;4000;22-01-2019/31-01-2019;5500
LE49S5970;0111-070046;ORIENTE;1000;01-01-2019/07-01-2019;2000;08-01-2019/15-01-2019;3000;16-01-2019/21-01-2019;4000;22-01-2019/31-01-2019;5500
50U6285;0111-070276;ORIENTE;1000;01-01-2019/07-01-2019;2000;08-01-2019/15-01-2019;3000;16-01-2019/21-01-2019;4000;22-01-2019/31-01-2019;5500
LE50U7970S;0111-041521;ORIENTE;1000;01-01-2019/07-01-2019;2000;08-01-2019/15-01-2019;3000;16-01-2019/21-01-2019;4000;22-01-2019/31-01-2019;5500
LE50U7970S;0111-041521;ORIENTE;1000;01-01-2019/07-01-2019;2000;08-01-2019/15-01-2019;3000;16-01-2019/21-01-2019;4000;22-01-2019/31-01-2019;5500
55U6285;0111-070371;ORIENTE;1000;01-01-2019/07-01-2019;2000;08-01-2019/15-01-2019;3000;16-01-2019/21-01-2019;4000;22-01-2019/31-01-2019;5500
65U6285;0111-070376;ORIENTE;1000;01-01-2019/07-01-2019;2000;08-01-2019/15-01-2019;3000;16-01-2019/21-01-2019;4000;22-01-2019/31-01-2019;5500
LE55U7970S;0111-041511;ORIENTE;1000;01-01-2019/07-01-2019;2000;08-01-2019/15-01-2019;3000;16-01-2019/21-01-2019;4000;22-01-2019/31-01-2019;5500
LE55U7970S;0111-041511;ORIENTE;1000;01-01-2019/07-01-2019;2000;08-01-2019/15-01-2019;3000;16-01-2019/21-01-2019;4000;22-01-2019/31-01-2019;5500
LE65U7970;0111-041526;ORIENTE;1000;01-01-2019/07-01-2019;2000;08-01-2019/15-01-2019;3000;16-01-2019/21-01-2019;4000;22-01-2019/31-01-2019;5500
50PUD6513;0111-070241;ORIENTE;1000;01-01-2019/07-01-2019;2000;08-01-2019/15-01-2019;3000;16-01-2019/21-01-2019;4000;22-01-2019/31-01-2019;5500
55PUD6513;0111-070281;ORIENTE;1000;01-01-2019/07-01-2019;2000;08-01-2019/15-01-2019;3000;16-01-2019/21-01-2019;4000;22-01-2019/31-01-2019;5500
55PUD6703;0111-070246;ORIENTE;1000;01-01-2019/07-01-2019;2000;08-01-2019/15-01-2019;3000;16-01-2019/21-01-2019;4000;22-01-2019/31-01-2019;5500
65PUD6703;0111-070251;ORIENTE;1000;01-01-2019/07-01-2019;2000;08-01-2019/15-01-2019;3000;16-01-2019/21-01-2019;4000;22-01-2019/31-01-2019;5500
LFH-200;0403-010286;ORIENTE;1000;01-01-2019/07-01-2019;2000;08-01-2019/15-01-2019;3000;16-01-2019/21-01-2019;4000;22-01-2019/31-01-2019;5500
LG360BLACK;0410-010011;ORIENTE;1000;01-01-2019/07-01-2019;2000;08-01-2019/15-01-2019;3000;16-01-2019/21-01-2019;4000;22-01-2019/31-01-2019;5500
LFH-300;0403-010291;ORIENTE;1000;01-01-2019/07-01-2019;2000;08-01-2019/15-01-2019;3000;16-01-2019/21-01-2019;4000;22-01-2019/31-01-2019;5500
LFB-101S;0404-010060;ORIENTE;1000;01-01-2019/07-01-2019;2000;08-01-2019/15-01-2019;3000;16-01-2019/21-01-2019;4000;22-01-2019/31-01-2019;5500
LFB-101N;0404-010085;ORIENTE;1000;01-01-2019/07-01-2019;2000;08-01-2019/15-01-2019;3000;16-01-2019/21-01-2019;4000;22-01-2019/31-01-2019;5500
CH-10SILVER;0403-010376;ORIENTE;1000;01-01-2019/07-01-2019;2000;08-01-2019/15-01-2019;3000;16-01-2019/21-01-2019;4000;22-01-2019/31-01-2019;5500
CX520BLANCA;0402-011718;ORIENTE;1000;01-01-2019/07-01-2019;2000;08-01-2019/15-01-2019;3000;16-01-2019/21-01-2019;4000;22-01-2019/31-01-2019;5500
CX521INOX;0402-011663;ORIENTE;1000;01-01-2019/07-01-2019;2000;08-01-2019/15-01-2019;3000;16-01-2019/21-01-2019;4000;22-01-2019/31-01-2019;5500
CX541INOX;0402-011668;ORIENTE;1000;01-01-2019/07-01-2019;2000;08-01-2019/15-01-2019;3000;16-01-2019/21-01-2019;4000;22-01-2019/31-01-2019;5500
CX620BLANCA;0402-011723;ORIENTE;1000;01-01-2019/07-01-2019;2000;08-01-2019/15-01-2019;3000;16-01-2019/21-01-2019;4000;22-01-2019/31-01-2019;5500
CX621;0402-011673;ORIENTE;1000;01-01-2019/07-01-2019;2000;08-01-2019/15-01-2019;3000;16-01-2019/21-01-2019;4000;22-01-2019/31-01-2019;5500
CX641INOX;0402-011708;ORIENTE;1000;01-01-2019/07-01-2019;2000;08-01-2019/15-01-2019;3000;16-01-2019/21-01-2019;4000;22-01-2019/31-01-2019;5500
CX650BLANCA;0402-011728;ORIENTE;1000;01-01-2019/07-01-2019;2000;08-01-2019/15-01-2019;3000;16-01-2019/21-01-2019;4000;22-01-2019/31-01-2019;5500
CX651INOX;0402-011703;ORIENTE;1000;01-01-2019/07-01-2019;2000;08-01-2019/15-01-2019;3000;16-01-2019/21-01-2019;4000;22-01-2019/31-01-2019;5500
CX681INOX;0402-011713;ORIENTE;1000;01-01-2019/07-01-2019;2000;08-01-2019/15-01-2019;3000;16-01-2019/21-01-2019;4000;22-01-2019/31-01-2019;5500
CX721INOX;0402-011678;ORIENTE;1000;01-01-2019/07-01-2019;2000;08-01-2019/15-01-2019;3000;16-01-2019/21-01-2019;4000;22-01-2019/31-01-2019;5500
PRO425IX;0402-011823;ORIENTE;1000;01-01-2019/07-01-2019;2000;08-01-2019/15-01-2019;3000;16-01-2019/21-01-2019;4000;22-01-2019/31-01-2019;5500
PRO445IX;0402-011818;ORIENTE;1000;01-01-2019/07-01-2019;2000;08-01-2019/15-01-2019;3000;16-01-2019/21-01-2019;4000;22-01-2019/31-01-2019;5500
PRO447IX;0402-011813;ORIENTE;1000;01-01-2019/07-01-2019;2000;08-01-2019/15-01-2019;3000;16-01-2019/21-01-2019;4000;22-01-2019/31-01-2019;5500
PRO465IX;0402-011803;ORIENTE;1000;01-01-2019/07-01-2019;2000;08-01-2019/15-01-2019;3000;16-01-2019/21-01-2019;4000;22-01-2019/31-01-2019;5500
PRO467IX;0402-011808;ORIENTE;1000;01-01-2019/07-01-2019;2000;08-01-2019/15-01-2019;3000;16-01-2019/21-01-2019;4000;22-01-2019/31-01-2019;5500
PRO545IX;0402-011783;ORIENTE;1000;01-01-2019/07-01-2019;2000;08-01-2019/15-01-2019;3000;16-01-2019/21-01-2019;4000;22-01-2019/31-01-2019;5500
PRO547IX;0402-011788;ORIENTE;1000;01-01-2019/07-01-2019;2000;08-01-2019/15-01-2019;3000;16-01-2019/21-01-2019;4000;22-01-2019/31-01-2019;5500
PRO565IX;0402-011793;ORIENTE;1000;01-01-2019/07-01-2019;2000;08-01-2019/15-01-2019;3000;16-01-2019/21-01-2019;4000;22-01-2019/31-01-2019;5500
PRO567IX;0402-011798;ORIENTE;1000;01-01-2019/07-01-2019;2000;08-01-2019/15-01-2019;3000;16-01-2019/21-01-2019;4000;22-01-2019/31-01-2019;5500
CH-40;0403-010121;ORIENTE;1000;01-01-2019/07-01-2019;2000;08-01-2019/15-01-2019;3000;16-01-2019/21-01-2019;4000;22-01-2019/31-01-2019;5500
CH-10PBL;0403-010006;ORIENTE;1000;01-01-2019/07-01-2019;2000;08-01-2019/15-01-2019;3000;16-01-2019/21-01-2019;4000;22-01-2019/31-01-2019;5500
CH-8BL;0403-010081;ORIENTE;1000;01-01-2019/07-01-2019;2000;08-01-2019/15-01-2019;3000;16-01-2019/21-01-2019;4000;22-01-2019/31-01-2019;5500
CH-5BL;0403-010271;ORIENTE;1000;01-01-2019/07-01-2019;2000;08-01-2019/15-01-2019;3000;16-01-2019/21-01-2019;4000;22-01-2019/31-01-2019;5500
ALICANTE;0402-011438;ORIENTE;1000;01-01-2019/07-01-2019;2000;08-01-2019/15-01-2019;3000;16-01-2019/21-01-2019;4000;22-01-2019/31-01-2019;5500
ASTURIAS;0402-010963;ORIENTE;1000;01-01-2019/07-01-2019;2000;08-01-2019/15-01-2019;3000;16-01-2019/21-01-2019;4000;22-01-2019/31-01-2019;5500
BARCELONASP3BL;0402-010348;ORIENTE;1000;01-01-2019/07-01-2019;2000;08-01-2019/15-01-2019;3000;16-01-2019/21-01-2019;4000;22-01-2019/31-01-2019;5500
BERNAQUARZO;0402-012118;ORIENTE;1000;01-01-2019/07-01-2019;2000;08-01-2019/15-01-2019;3000;16-01-2019/21-01-2019;4000;22-01-2019/31-01-2019;5500
BILBAOSP3CR;0402-010423;ORIENTE;1000;01-01-2019/07-01-2019;2000;08-01-2019/15-01-2019;3000;16-01-2019/21-01-2019;4000;22-01-2019/31-01-2019;5500
CADIZSP3;0402-011158;ORIENTE;1000;01-01-2019/07-01-2019;2000;08-01-2019/15-01-2019;3000;16-01-2019/21-01-2019;4000;22-01-2019/31-01-2019;5500
CORDOVASP3;0402-011408;ORIENTE;1000;01-01-2019/07-01-2019;2000;08-01-2019/15-01-2019;3000;16-01-2019/21-01-2019;4000;22-01-2019/31-01-2019;5500
CORUÑA;0402-011448;ORIENTE;1000;01-01-2019/07-01-2019;2000;08-01-2019/15-01-2019;3000;16-01-2019/21-01-2019;4000;22-01-2019/31-01-2019;5500
FLORENCIAQUARZ;0402-010858;ORIENTE;1000;01-01-2019/07-01-2019;2000;08-01-2019/15-01-2019;3000;16-01-2019/21-01-2019;4000;22-01-2019/31-01-2019;5500
GALICIAQUARCR;0402-011223;ORIENTE;1000;01-01-2019/07-01-2019;2000;08-01-2019/15-01-2019;3000;16-01-2019/21-01-2019;4000;22-01-2019/31-01-2019;5500
GRANADAQUARZO;0402-011153;ORIENTE;1000;01-01-2019/07-01-2019;2000;08-01-2019/15-01-2019;3000;16-01-2019/21-01-2019;4000;22-01-2019/31-01-2019;5500
IBIZAQUARZO;0402-010888;ORIENTE;1000;01-01-2019/07-01-2019;2000;08-01-2019/15-01-2019;3000;16-01-2019/21-01-2019;4000;22-01-2019/31-01-2019;5500
LISBOASP3BL;0402-010323;ORIENTE;1000;01-01-2019/07-01-2019;2000;08-01-2019/15-01-2019;3000;16-01-2019/21-01-2019;4000;22-01-2019/31-01-2019;5500
LUCERNAQUARZO;0402-012123;ORIENTE;1000;01-01-2019/07-01-2019;2000;08-01-2019/15-01-2019;3000;16-01-2019/21-01-2019;4000;22-01-2019/31-01-2019;5500
MADRIDSP3BL;0402-010328;ORIENTE;1000;01-01-2019/07-01-2019;2000;08-01-2019/15-01-2019;3000;16-01-2019/21-01-2019;4000;22-01-2019/31-01-2019;5500
MARSELLASP3;0402-011393;ORIENTE;1000;01-01-2019/07-01-2019;2000;08-01-2019/15-01-2019;3000;16-01-2019/21-01-2019;4000;22-01-2019/31-01-2019;5500
MILANQUARZO;0402-011163;ORIENTE;1000;01-01-2019/07-01-2019;2000;08-01-2019/15-01-2019;3000;16-01-2019/21-01-2019;4000;22-01-2019/31-01-2019;5500
MONTECARLOQUAR;0402-010803;ORIENTE;1000;01-01-2019/07-01-2019;2000;08-01-2019/15-01-2019;3000;16-01-2019/21-01-2019;4000;22-01-2019/31-01-2019;5500
NAVARRASPAZ_CR;0402-011533;ORIENTE;1000;01-01-2019/07-01-2019;2000;08-01-2019/15-01-2019;3000;16-01-2019/21-01-2019;4000;22-01-2019/31-01-2019;5500
NIZZAQUARZO;0402-010878;ORIENTE;1000;01-01-2019/07-01-2019;2000;08-01-2019/15-01-2019;3000;16-01-2019/21-01-2019;4000;22-01-2019/31-01-2019;5500
PADOVA;0402-011693;ORIENTE;1000;01-01-2019/07-01-2019;2000;08-01-2019/15-01-2019;3000;16-01-2019/21-01-2019;4000;22-01-2019/31-01-2019;5500
PARMAQUARZO;0402-011233;ORIENTE;1000;01-01-2019/07-01-2019;2000;08-01-2019/15-01-2019;3000;16-01-2019/21-01-2019;4000;22-01-2019/31-01-2019;5500
PERUGIA;0402-011688;ORIENTE;1000;01-01-2019/07-01-2019;2000;08-01-2019/15-01-2019;3000;16-01-2019/21-01-2019;4000;22-01-2019/31-01-2019;5500
TENERIFESP3;0402-011398;ORIENTE;1000;01-01-2019/07-01-2019;2000;08-01-2019/15-01-2019;3000;16-01-2019/21-01-2019;4000;22-01-2019/31-01-2019;5500
TOSCANAQUARZO;0402-011403;ORIENTE;1000;01-01-2019/07-01-2019;2000;08-01-2019/15-01-2019;3000;16-01-2019/21-01-2019;4000;22-01-2019/31-01-2019;5500
TRENTO;0402-011443;ORIENTE;1000;01-01-2019/07-01-2019;2000;08-01-2019/15-01-2019;3000;16-01-2019/21-01-2019;4000;22-01-2019/31-01-2019;5500
VARESEQUARZO;0402-012018;ORIENTE;1000;01-01-2019/07-01-2019;2000;08-01-2019/15-01-2019;3000;16-01-2019/21-01-2019;4000;22-01-2019/31-01-2019;5500
VERONAQUARZO;0402-011453;ORIENTE;1000;01-01-2019/07-01-2019;2000;08-01-2019/15-01-2019;3000;16-01-2019/21-01-2019;4000;22-01-2019/31-01-2019;5500
VIENASP3SILVE;0402-011383;ORIENTE;1000;01-01-2019/07-01-2019;2000;08-01-2019/15-01-2019;3000;16-01-2019/21-01-2019;4000;22-01-2019/31-01-2019;5500
CI-210CR;0403-010391;ORIENTE;1000;01-01-2019/07-01-2019;2000;08-01-2019/15-01-2019;3000;16-01-2019/21-01-2019;4000;22-01-2019/31-01-2019;5500
CI-309BL;0403-010246;ORIENTE;1000;01-01-2019/07-01-2019;2000;08-01-2019/15-01-2019;3000;16-01-2019/21-01-2019;4000;22-01-2019/31-01-2019;5500
CI-309CR;0403-010241;ORIENTE;1000;01-01-2019/07-01-2019;2000;08-01-2019/15-01-2019;3000;16-01-2019/21-01-2019;4000;22-01-2019/31-01-2019;5500
CI-310BL;0403-010356;ORIENTE;1000;01-01-2019/07-01-2019;2000;08-01-2019/15-01-2019;3000;16-01-2019/21-01-2019;4000;22-01-2019/31-01-2019;5500
CI-310CR;0403-010351;ORIENTE;1000;01-01-2019/07-01-2019;2000;08-01-2019/15-01-2019;3000;16-01-2019/21-01-2019;4000;22-01-2019/31-01-2019;5500
EGI-604VDNEG;0411-010031;ORIENTE;1000;01-01-2019/07-01-2019;2000;08-01-2019/15-01-2019;3000;16-01-2019/21-01-2019;4000;22-01-2019/31-01-2019;5500
EGI-905VDNEG;0411-010036;ORIENTE;1000;01-01-2019/07-01-2019;2000;08-01-2019/15-01-2019;3000;16-01-2019/21-01-2019;4000;22-01-2019/31-01-2019;5500
VFV-309;0410-010061;ORIENTE;1000;01-01-2019/07-01-2019;2000;08-01-2019/15-01-2019;3000;16-01-2019/21-01-2019;4000;22-01-2019/31-01-2019;5500
VFV-409;0410-010056;ORIENTE;1000;01-01-2019/07-01-2019;2000;08-01-2019/15-01-2019;3000;16-01-2019/21-01-2019;4000;22-01-2019/31-01-2019;5500
VFV520;0410-010001;ORIENTE;1000;01-01-2019/07-01-2019;2000;08-01-2019/15-01-2019;3000;16-01-2019/21-01-2019;4000;22-01-2019/31-01-2019;5500
RI-150BL;0404-010050;ORIENTE;1000;01-01-2019/07-01-2019;2000;08-01-2019/15-01-2019;3000;16-01-2019/21-01-2019;4000;22-01-2019/31-01-2019;5500
RI-150CR;0404-010040;ORIENTE;1000;01-01-2019/07-01-2019;2000;08-01-2019/15-01-2019;3000;16-01-2019/21-01-2019;4000;22-01-2019/31-01-2019;5500
MWI-20CR;0405-010598;ORIENTE;1000;01-01-2019/07-01-2019;2000;08-01-2019/15-01-2019;3000;16-01-2019/21-01-2019;4000;22-01-2019/31-01-2019;5500
RI-279D;0407-010569;ORIENTE;1000;01-01-2019/07-01-2019;2000;08-01-2019/15-01-2019;3000;16-01-2019/21-01-2019;4000;22-01-2019/31-01-2019;5500
RI-379;0407-031458;ORIENTE;1000;01-01-2019/07-01-2019;2000;08-01-2019/15-01-2019;3000;16-01-2019/21-01-2019;4000;22-01-2019/31-01-2019;5500
RI-399D;0407-031658;ORIENTE;1000;01-01-2019/07-01-2019;2000;08-01-2019/15-01-2019;3000;16-01-2019/21-01-2019;4000;22-01-2019/31-01-2019;5500
RI-399D;0407-031658;ORIENTE;1000;01-01-2019/07-01-2019;2000;08-01-2019/15-01-2019;3000;16-01-2019/21-01-2019;4000;22-01-2019/31-01-2019;5500
RI-429;0407-031963;ORIENTE;1000;01-01-2019/07-01-2019;2000;08-01-2019/15-01-2019;3000;16-01-2019/21-01-2019;4000;22-01-2019/31-01-2019;5500
RI-429D;0407-031663;ORIENTE;1000;01-01-2019/07-01-2019;2000;08-01-2019/15-01-2019;3000;16-01-2019/21-01-2019;4000;22-01-2019/31-01-2019;5500
RI-530CR;0407-010499;ORIENTE;1000;01-01-2019/07-01-2019;2000;08-01-2019/15-01-2019;3000;16-01-2019/21-01-2019;4000;22-01-2019/31-01-2019;5500
RI-689CROMA;0407-031848;ORIENTE;1000;01-01-2019/07-01-2019;2000;08-01-2019/15-01-2019;3000;16-01-2019/21-01-2019;4000;22-01-2019/31-01-2019;5500
UN49NU7300;0111-070196;ORIENTE;1000;01-01-2019/07-01-2019;2000;08-01-2019/15-01-2019;3000;16-01-2019/21-01-2019;4000;22-01-2019/31-01-2019;5500
UN50NU7090;0111-070211;ORIENTE;1000;01-01-2019/07-01-2019;2000;08-01-2019/15-01-2019;3000;16-01-2019/21-01-2019;4000;22-01-2019/31-01-2019;5500
UN43NU7090;0111-070206;ORIENTE;1000;01-01-2019/07-01-2019;2000;08-01-2019/15-01-2019;3000;16-01-2019/21-01-2019;4000;22-01-2019/31-01-2019;5500
UN49J5290;0111-070161;ORIENTE;1000;01-01-2019/07-01-2019;2000;08-01-2019/15-01-2019;3000;16-01-2019/21-01-2019;4000;22-01-2019/31-01-2019;5500
UN55NU7090;0111-070216;ORIENTE;1000;01-01-2019/07-01-2019;2000;08-01-2019/15-01-2019;3000;16-01-2019/21-01-2019;4000;22-01-2019/31-01-2019;5500
UN-32J4000;0111-040941;ORIENTE;1000;01-01-2019/07-01-2019;2000;08-01-2019/15-01-2019;3000;16-01-2019/21-01-2019;4000;22-01-2019/31-01-2019;5500
UN50NU7400;0111-070191;ORIENTE;1000;01-01-2019/07-01-2019;2000;08-01-2019/15-01-2019;3000;16-01-2019/21-01-2019;4000;22-01-2019/31-01-2019;5500
UN-32J4300;0111-040886;ORIENTE;1000;01-01-2019/07-01-2019;2000;08-01-2019/15-01-2019;3000;16-01-2019/21-01-2019;4000;22-01-2019/31-01-2019;5500
UN58NU7100;0111-070201;ORIENTE;1000;01-01-2019/07-01-2019;2000;08-01-2019/15-01-2019;3000;16-01-2019/21-01-2019;4000;22-01-2019/31-01-2019;5500
UN40K6500AGXPE;0111-041166;ORIENTE;1000;01-01-2019/07-01-2019;2000;08-01-2019/15-01-2019;3000;16-01-2019/21-01-2019;4000;22-01-2019/31-01-2019;5500
UN55NU7500;0111-070226;ORIENTE;1000;01-01-2019/07-01-2019;2000;08-01-2019/15-01-2019;3000;16-01-2019/21-01-2019;4000;22-01-2019/31-01-2019;5500
43J5200;0111-041296;ORIENTE;1000;01-01-2019/07-01-2019;2000;08-01-2019/15-01-2019;3000;16-01-2019/21-01-2019;4000;22-01-2019/31-01-2019;5500
UN-40J5500;0111-040891;ORIENTE;1000;01-01-2019/07-01-2019;2000;08-01-2019/15-01-2019;3000;16-01-2019/21-01-2019;4000;22-01-2019/31-01-2019;5500
UN49K6500AGXPE;0111-041176;ORIENTE;1000;01-01-2019/07-01-2019;2000;08-01-2019/15-01-2019;3000;16-01-2019/21-01-2019;4000;22-01-2019/31-01-2019;5500
UN49J5200;0111-041446;ORIENTE;1000;01-01-2019/07-01-2019;2000;08-01-2019/15-01-2019;3000;16-01-2019/21-01-2019;4000;22-01-2019/31-01-2019;5500
UN32J4290AGXPE;0111-070151;ORIENTE;1000;01-01-2019/07-01-2019;2000;08-01-2019/15-01-2019;3000;16-01-2019/21-01-2019;4000;22-01-2019/31-01-2019;5500
UN49MU6103;0111-070001;ORIENTE;1000;01-01-2019/07-01-2019;2000;08-01-2019/15-01-2019;3000;16-01-2019/21-01-2019;4000;22-01-2019/31-01-2019;5500
QN55Q8CNA;0111-060066;ORIENTE;1000;01-01-2019/07-01-2019;2000;08-01-2019/15-01-2019;3000;16-01-2019/21-01-2019;4000;22-01-2019/31-01-2019;5500
UN55K6500AGXPE;0111-041191;ORIENTE;1000;01-01-2019/07-01-2019;2000;08-01-2019/15-01-2019;3000;16-01-2019/21-01-2019;4000;22-01-2019/31-01-2019;5500
UN-50MU6103;0111-041541;ORIENTE;1000;01-01-2019/07-01-2019;2000;08-01-2019/15-01-2019;3000;16-01-2019/21-01-2019;4000;22-01-2019/31-01-2019;5500
QN49Q6FNA;0111-060061;ORIENTE;1000;01-01-2019/07-01-2019;2000;08-01-2019/15-01-2019;3000;16-01-2019/21-01-2019;4000;22-01-2019/31-01-2019;5500
SC-AKX110PSK;0104-010438;ORIENTE;1000;01-01-2019/07-01-2019;2000;08-01-2019/15-01-2019;3000;16-01-2019/21-01-2019;4000;22-01-2019/31-01-2019;5500
SC-AKX310PSK;0104-040659;ORIENTE;1000;01-01-2019/07-01-2019;2000;08-01-2019/15-01-2019;3000;16-01-2019/21-01-2019;4000;22-01-2019/31-01-2019;5500
SC-AKX320PSK;0104-010443;ORIENTE;1000;01-01-2019/07-01-2019;2000;08-01-2019/15-01-2019;3000;16-01-2019/21-01-2019;4000;22-01-2019/31-01-2019;5500
SC-AKX510PSK;0104-040664;ORIENTE;1000;01-01-2019/07-01-2019;2000;08-01-2019/15-01-2019;3000;16-01-2019/21-01-2019;4000;22-01-2019/31-01-2019;5500
SC-AKX520PSK;0104-010448;ORIENTE;1000;01-01-2019/07-01-2019;2000;08-01-2019/15-01-2019;3000;16-01-2019/21-01-2019;4000;22-01-2019/31-01-2019;5500
SC-AKX710PUK;0104-040684;ORIENTE;1000;01-01-2019/07-01-2019;2000;08-01-2019/15-01-2019;3000;16-01-2019/21-01-2019;4000;22-01-2019/31-01-2019;5500
SC-AKX910PUK;0104-040669;ORIENTE;1000;01-01-2019/07-01-2019;2000;08-01-2019/15-01-2019;3000;16-01-2019/21-01-2019;4000;22-01-2019/31-01-2019;5500
SC-MAX3500PU;0104-040674;ORIENTE;1000;01-01-2019/07-01-2019;2000;08-01-2019/15-01-2019;3000;16-01-2019/21-01-2019;4000;22-01-2019/31-01-2019;5500
SC-MAX6500PU;0104-040679;ORIENTE;1000;01-01-2019/07-01-2019;2000;08-01-2019/15-01-2019;3000;16-01-2019/21-01-2019;4000;22-01-2019/31-01-2019;5500
TC-32FS500P;0111-070171;ORIENTE;1000;01-01-2019/07-01-2019;2000;08-01-2019/15-01-2019;3000;16-01-2019/21-01-2019;4000;22-01-2019/31-01-2019;5500
TC-49FX500P;0111-070181;ORIENTE;1000;01-01-2019/07-01-2019;2000;08-01-2019/15-01-2019;3000;16-01-2019/21-01-2019;4000;22-01-2019/31-01-2019;5500
TC-55FX500P;0111-070231;ORIENTE;1000;01-01-2019/07-01-2019;2000;08-01-2019/15-01-2019;3000;16-01-2019/21-01-2019;4000;22-01-2019/31-01-2019;5500
TC-49FX600;0111-070316;ORIENTE;1000;01-01-2019/07-01-2019;2000;08-01-2019/15-01-2019;3000;16-01-2019/21-01-2019;4000;22-01-2019/31-01-2019;5500
TC-55FX600;0111-070321;ORIENTE;1000;01-01-2019/07-01-2019;2000;08-01-2019/15-01-2019;3000;16-01-2019/21-01-2019;4000;22-01-2019/31-01-2019;5500
TC-43GX500;0111-070421;ORIENTE;1000;01-01-2019/07-01-2019;2000;08-01-2019/15-01-2019;3000;16-01-2019/21-01-2019;4000;22-01-2019/31-01-2019;5500
TC-50GX500P;0111-070426;ORIENTE;1000;01-01-2019/07-01-2019;2000;08-01-2019/15-01-2019;3000;16-01-2019/21-01-2019;4000;22-01-2019/31-01-2019;5500
TC-55GX500P;0111-070431;ORIENTE;1000;01-01-2019/07-01-2019;2000;08-01-2019/15-01-2019;3000;16-01-2019/21-01-2019;4000;22-01-2019/31-01-2019;5500
CEM6006DI0;0401-010008;ORIENTE;1000;01-01-2019/07-01-2019;2000;08-01-2019/15-01-2019;3000;16-01-2019/21-01-2019;4000;22-01-2019/31-01-2019;5500
CEM6006DI0;0401-010008;ORIENTE;1000;01-01-2019/07-01-2019;2000;08-01-2019/15-01-2019;3000;16-01-2019/21-01-2019;4000;22-01-2019/31-01-2019;5500
CHM200PBO;0403-010316;ORIENTE;1000;01-01-2019/07-01-2019;2000;08-01-2019/15-01-2019;3000;16-01-2019/21-01-2019;4000;22-01-2019/31-01-2019;5500
CHM320PS1;0403-010336;ORIENTE;1000;01-01-2019/07-01-2019;2000;08-01-2019/15-01-2019;3000;16-01-2019/21-01-2019;4000;22-01-2019/31-01-2019;5500
CM6042YI;0401-010194;ORIENTE;1000;01-01-2019/07-01-2019;2000;08-01-2019/15-01-2019;3000;16-01-2019/21-01-2019;4000;22-01-2019/31-01-2019;5500
CM6042YI;0401-010194;ORIENTE;1000;01-01-2019/07-01-2019;2000;08-01-2019/15-01-2019;3000;16-01-2019/21-01-2019;4000;22-01-2019/31-01-2019;5500
CM9042YI;0401-010199;ORIENTE;1000;01-01-2019/07-01-2019;2000;08-01-2019/15-01-2019;3000;16-01-2019/21-01-2019;4000;22-01-2019/31-01-2019;5500
CMG6015V0;0411-010011;ORIENTE;1000;01-01-2019/07-01-2019;2000;08-01-2019/15-01-2019;3000;16-01-2019/21-01-2019;4000;22-01-2019/31-01-2019;5500
DAM60BO;0415-010001;ORIENTE;1000;01-01-2019/07-01-2019;2000;08-01-2019/15-01-2019;3000;16-01-2019/21-01-2019;4000;22-01-2019/31-01-2019;5500
DAM60BO;0415-010001;ORIENTE;1000;01-01-2019/07-01-2019;2000;08-01-2019/15-01-2019;3000;16-01-2019/21-01-2019;4000;22-01-2019/31-01-2019;5500
DAM60BO;0415-010001;ORIENTE;1000;01-01-2019/07-01-2019;2000;08-01-2019/15-01-2019;3000;16-01-2019/21-01-2019;4000;22-01-2019/31-01-2019;5500
DAM60BO;0415-010001;ORIENTE;1000;01-01-2019/07-01-2019;2000;08-01-2019/15-01-2019;3000;16-01-2019/21-01-2019;4000;22-01-2019/31-01-2019;5500
EMP20FBX-2;0402-011118;ORIENTE;1000;01-01-2019/07-01-2019;2000;08-01-2019/15-01-2019;3000;16-01-2019/21-01-2019;4000;22-01-2019/31-01-2019;5500
EMP20LBX-2;0402-011108;ORIENTE;1000;01-01-2019/07-01-2019;2000;08-01-2019/15-01-2019;3000;16-01-2019/21-01-2019;4000;22-01-2019/31-01-2019;5500
EMP6150IP0;0402-011833;ORIENTE;1000;01-01-2019/07-01-2019;2000;08-01-2019/15-01-2019;3000;16-01-2019/21-01-2019;4000;22-01-2019/31-01-2019;5500
HM6035EYI1;0414-010011;ORIENTE;1000;01-01-2019/07-01-2019;2000;08-01-2019/15-01-2019;3000;16-01-2019/21-01-2019;4000;22-01-2019/31-01-2019;5500
INGENIOUS6000PG;0402-011948;ORIENTE;1000;01-01-2019/07-01-2019;2000;08-01-2019/15-01-2019;3000;16-01-2019/21-01-2019;4000;22-01-2019/31-01-2019;5500
INGENIOUS6000PX;0402-011883;ORIENTE;1000;01-01-2019/07-01-2019;2000;08-01-2019/15-01-2019;3000;16-01-2019/21-01-2019;4000;22-01-2019/31-01-2019;5500
INGENIOUS6000PX;0402-011883;ORIENTE;1000;01-01-2019/07-01-2019;2000;08-01-2019/15-01-2019;3000;16-01-2019/21-01-2019;4000;22-01-2019/31-01-2019;5500
INGENIOUS6000PX;0402-011883;ORIENTE;1000;01-01-2019/07-01-2019;2000;08-01-2019/15-01-2019;3000;16-01-2019/21-01-2019;4000;22-01-2019/31-01-2019;5500
INGENIOUS6010PG;0402-011943;ORIENTE;1000;01-01-2019/07-01-2019;2000;08-01-2019/15-01-2019;3000;16-01-2019/21-01-2019;4000;22-01-2019/31-01-2019;5500
INGENIOUS6010PG;0402-011943;ORIENTE;1000;01-01-2019/07-01-2019;2000;08-01-2019/15-01-2019;3000;16-01-2019/21-01-2019;4000;22-01-2019/31-01-2019;5500
INGENIOUS6010PG;0402-011943;ORIENTE;1000;01-01-2019/07-01-2019;2000;08-01-2019/15-01-2019;3000;16-01-2019/21-01-2019;4000;22-01-2019/31-01-2019;5500
INGENIOUS6010PG;0402-011943;ORIENTE;1000;01-01-2019/07-01-2019;2000;08-01-2019/15-01-2019;3000;16-01-2019/21-01-2019;4000;22-01-2019/31-01-2019;5500
INGENIOUS6025PX;0402-011928;ORIENTE;1000;01-01-2019/07-01-2019;2000;08-01-2019/15-01-2019;3000;16-01-2019/21-01-2019;4000;22-01-2019/31-01-2019;5500
INGENIOUS6025PX;0402-011928;ORIENTE;1000;01-01-2019/07-01-2019;2000;08-01-2019/15-01-2019;3000;16-01-2019/21-01-2019;4000;22-01-2019/31-01-2019;5500
INGENIOUS6025PX;0402-011928;ORIENTE;1000;01-01-2019/07-01-2019;2000;08-01-2019/15-01-2019;3000;16-01-2019/21-01-2019;4000;22-01-2019/31-01-2019;5500
INGENIOUS6035PX;0402-011878;ORIENTE;1000;01-01-2019/07-01-2019;2000;08-01-2019/15-01-2019;3000;16-01-2019/21-01-2019;4000;22-01-2019/31-01-2019;5500
INGENIOUS6035PX;0402-011878;ORIENTE;1000;01-01-2019/07-01-2019;2000;08-01-2019/15-01-2019;3000;16-01-2019/21-01-2019;4000;22-01-2019/31-01-2019;5500
INGENIOUS6035PX;0402-011878;ORIENTE;1000;01-01-2019/07-01-2019;2000;08-01-2019/15-01-2019;3000;16-01-2019/21-01-2019;4000;22-01-2019/31-01-2019;5500
INGENIOUS6050PX;0402-011918;ORIENTE;1000;01-01-2019/07-01-2019;2000;08-01-2019/15-01-2019;3000;16-01-2019/21-01-2019;4000;22-01-2019/31-01-2019;5500
INGENIOUS6050PX;0402-011918;ORIENTE;1000;01-01-2019/07-01-2019;2000;08-01-2019/15-01-2019;3000;16-01-2019/21-01-2019;4000;22-01-2019/31-01-2019;5500
INGENIOUS605PX0;0402-011318;ORIENTE;1000;01-01-2019/07-01-2019;2000;08-01-2019/15-01-2019;3000;16-01-2019/21-01-2019;4000;22-01-2019/31-01-2019;5500
INGENIUS761PCX0;0402-010993;ORIENTE;1000;01-01-2019/07-01-2019;2000;08-01-2019/15-01-2019;3000;16-01-2019/21-01-2019;4000;22-01-2019/31-01-2019;5500
RM390YJPX;0407-031468;ORIENTE;1000;01-01-2019/07-01-2019;2000;08-01-2019/15-01-2019;3000;16-01-2019/21-01-2019;4000;22-01-2019/31-01-2019;5500
RMG12WAPNB1;0407-010314;ORIENTE;1000;01-01-2019/07-01-2019;2000;08-01-2019/15-01-2019;3000;16-01-2019/21-01-2019;4000;22-01-2019/31-01-2019;5500
RMG12WAPNB1;0407-010314;ORIENTE;1000;01-01-2019/07-01-2019;2000;08-01-2019/15-01-2019;3000;16-01-2019/21-01-2019;4000;22-01-2019/31-01-2019;5500
RML290WPNS0;0407-030743;ORIENTE;1000;01-01-2019/07-01-2019;2000;08-01-2019/15-01-2019;3000;16-01-2019/21-01-2019;4000;22-01-2019/31-01-2019;5500
RML295YJPX;0407-031318;ORIENTE;1000;01-01-2019/07-01-2019;2000;08-01-2019/15-01-2019;3000;16-01-2019/21-01-2019;4000;22-01-2019/31-01-2019;5500
RML325YJPX;0407-031323;ORIENTE;1000;01-01-2019/07-01-2019;2000;08-01-2019/15-01-2019;3000;16-01-2019/21-01-2019;4000;22-01-2019/31-01-2019;5500
RML325YJPX;0407-031323;ORIENTE;1000;01-01-2019/07-01-2019;2000;08-01-2019/15-01-2019;3000;16-01-2019/21-01-2019;4000;22-01-2019/31-01-2019;5500
RMU250WAPS;0407-010519;ORIENTE;1000;01-01-2019/07-01-2019;2000;08-01-2019/15-01-2019;3000;16-01-2019/21-01-2019;4000;22-01-2019/31-01-2019;5500
RMU250WAPS;0407-010519;ORIENTE;1000;01-01-2019/07-01-2019;2000;08-01-2019/15-01-2019;3000;16-01-2019/21-01-2019;4000;22-01-2019/31-01-2019;5500
RMU250WPS;0407-010514;ORIENTE;1000;01-01-2019/07-01-2019;2000;08-01-2019/15-01-2019;3000;16-01-2019/21-01-2019;4000;22-01-2019/31-01-2019;5500
TITANIUMTX1G-2;0402-011138;ORIENTE;1000;01-01-2019/07-01-2019;2000;08-01-2019/15-01-2019;3000;16-01-2019/21-01-2019;4000;22-01-2019/31-01-2019;5500
EJSE242TBIS;0401-010073;ORIENTE;1000;01-01-2019/07-01-2019;2000;08-01-2019/15-01-2019;3000;16-01-2019/21-01-2019;4000;22-01-2019/31-01-2019;5500
EJSE302TBJS;0401-010089;ORIENTE;1000;01-01-2019/07-01-2019;2000;08-01-2019/15-01-2019;3000;16-01-2019/21-01-2019;4000;22-01-2019/31-01-2019;5500
56DTX;0402-011268;ORIENTE;1000;01-01-2019/07-01-2019;2000;08-01-2019/15-01-2019;3000;16-01-2019/21-01-2019;4000;22-01-2019/31-01-2019;5500
56STX;0402-011498;ORIENTE;1000;01-01-2019/07-01-2019;2000;08-01-2019/15-01-2019;3000;16-01-2019/21-01-2019;4000;22-01-2019/31-01-2019;5500
76SAS;0402-012103;ORIENTE;1000;01-01-2019/07-01-2019;2000;08-01-2019/15-01-2019;3000;16-01-2019/21-01-2019;4000;22-01-2019/31-01-2019;5500
76XDR;0402-012108;ORIENTE;1000;01-01-2019/07-01-2019;2000;08-01-2019/15-01-2019;3000;16-01-2019/21-01-2019;4000;22-01-2019/31-01-2019;5500
76GDX;0402-011973;ORIENTE;1000;01-01-2019/07-01-2019;2000;08-01-2019/15-01-2019;3000;16-01-2019/21-01-2019;4000;22-01-2019/31-01-2019;5500
76STX;0402-011273;ORIENTE;1000;01-01-2019/07-01-2019;2000;08-01-2019/15-01-2019;3000;16-01-2019/21-01-2019;4000;22-01-2019/31-01-2019;5500
EKGC20C7SPS;0402-011768;ORIENTE;1000;01-01-2019/07-01-2019;2000;08-01-2019/15-01-2019;3000;16-01-2019/21-01-2019;4000;22-01-2019/31-01-2019;5500
EKGC24C7SPGM;0402-011603;ORIENTE;1000;01-01-2019/07-01-2019;2000;08-01-2019/15-01-2019;3000;16-01-2019/21-01-2019;4000;22-01-2019/31-01-2019;5500
EKGC24CCT7SPS;0402-011778;ORIENTE;1000;01-01-2019/07-01-2019;2000;08-01-2019/15-01-2019;3000;16-01-2019/21-01-2019;4000;22-01-2019/31-01-2019;5500
EKGC24CET7SPS;0402-011773;ORIENTE;1000;01-01-2019/07-01-2019;2000;08-01-2019/15-01-2019;3000;16-01-2019/21-01-2019;4000;22-01-2019/31-01-2019;5500
EKGG24C2CPS;0402-011863;ORIENTE;1000;01-01-2019/07-01-2019;2000;08-01-2019/15-01-2019;3000;16-01-2019/21-01-2019;4000;22-01-2019/31-01-2019;5500
EKGG24C2CPSB;0402-011858;ORIENTE;1000;01-01-2019/07-01-2019;2000;08-01-2019/15-01-2019;3000;16-01-2019/21-01-2019;4000;22-01-2019/31-01-2019;5500
EFCC20C2HQW;0403-010231;ORIENTE;1000;01-01-2019/07-01-2019;2000;08-01-2019/15-01-2019;3000;16-01-2019/21-01-2019;4000;22-01-2019/31-01-2019;5500
EFCW152NSKG;0406-010332;ORIENTE;1000;01-01-2019/07-01-2019;2000;08-01-2019/15-01-2019;3000;16-01-2019/21-01-2019;4000;22-01-2019/31-01-2019;5500
EFC15A2HPWB;0403-010251;ORIENTE;1000;01-01-2019/07-01-2019;2000;08-01-2019/15-01-2019;3000;16-01-2019/21-01-2019;4000;22-01-2019/31-01-2019;5500
EFC51C2KPW;0403-010301;ORIENTE;1000;01-01-2019/07-01-2019;2000;08-01-2019/15-01-2019;3000;16-01-2019/21-01-2019;4000;22-01-2019/31-01-2019;5500
EFCC26C2HQW;0403-010261;ORIENTE;1000;01-01-2019/07-01-2019;2000;08-01-2019/15-01-2019;3000;16-01-2019/21-01-2019;4000;22-01-2019/31-01-2019;5500
EFCC32C2HQW;0403-010296;ORIENTE;1000;01-01-2019/07-01-2019;2000;08-01-2019/15-01-2019;3000;16-01-2019/21-01-2019;4000;22-01-2019/31-01-2019;5500
ERD50G2HPI;0404-010045;ORIENTE;1000;01-01-2019/07-01-2019;2000;08-01-2019/15-01-2019;3000;16-01-2019/21-01-2019;4000;22-01-2019/31-01-2019;5500
ERD90G2HPI;0404-010035;ORIENTE;1000;01-01-2019/07-01-2019;2000;08-01-2019/15-01-2019;3000;16-01-2019/21-01-2019;4000;22-01-2019/31-01-2019;5500
ERQR32E2HSS;0407-031938;ORIENTE;1000;01-01-2019/07-01-2019;2000;08-01-2019/15-01-2019;3000;16-01-2019/21-01-2019;4000;22-01-2019/31-01-2019;5500
ERT45G2HQI;0407-010624;ORIENTE;1000;01-01-2019/07-01-2019;2000;08-01-2019/15-01-2019;3000;16-01-2019/21-01-2019;4000;22-01-2019/31-01-2019;5500
ERTN34K2CQI;0407-031968;ORIENTE;1000;01-01-2019/07-01-2019;2000;08-01-2019/15-01-2019;3000;16-01-2019/21-01-2019;4000;22-01-2019/31-01-2019;5500
DW42X;0407-031478;ORIENTE;1000;01-01-2019/07-01-2019;2000;08-01-2019/15-01-2019;3000;16-01-2019/21-01-2019;4000;22-01-2019/31-01-2019;5500
ERDM26F2HPS;0407-010589;ORIENTE;1000;01-01-2019/07-01-2019;2000;08-01-2019/15-01-2019;3000;16-01-2019/21-01-2019;4000;22-01-2019/31-01-2019;5500
ERT25G2HNI;0407-020110;ORIENTE;1000;01-01-2019/07-01-2019;2000;08-01-2019/15-01-2019;3000;16-01-2019/21-01-2019;4000;22-01-2019/31-01-2019;5500
ERT32G2KSQS;0407-010594;ORIENTE;1000;01-01-2019/07-01-2019;2000;08-01-2019/15-01-2019;3000;16-01-2019/21-01-2019;4000;22-01-2019/31-01-2019;5500
TURE11GO;0401-010094;ORIENTE;1000;01-01-2019/07-01-2019;2000;08-01-2019/15-01-2019;3000;16-01-2019/21-01-2019;4000;22-01-2019/31-01-2019;5500
TURE16CO;0401-010164;ORIENTE;1000;01-01-2019/07-01-2019;2000;08-01-2019/15-01-2019;3000;16-01-2019/21-01-2019;4000;22-01-2019/31-01-2019;5500
TURE46C0-INOX;0401-010099;ORIENTE;1000;01-01-2019/07-01-2019;2000;08-01-2019/15-01-2019;3000;16-01-2019/21-01-2019;4000;22-01-2019/31-01-2019;5500
0;#N/A;ORIENTE;1000;01-01-2019/07-01-2019;2000;08-01-2019/15-01-2019;3000;16-01-2019/21-01-2019;4000;22-01-2019/31-01-2019;5500
0;#N/A;ORIENTE;1000;01-01-2019/07-01-2019;2000;08-01-2019/15-01-2019;3000;16-01-2019/21-01-2019;4000;22-01-2019/31-01-2019;5500
TURE10GO;0401-010139;ORIENTE;1000;01-01-2019/07-01-2019;2000;08-01-2019/15-01-2019;3000;16-01-2019/21-01-2019;4000;22-01-2019/31-01-2019;5500
TURE45C0;0401-010104;ORIENTE;1000;01-01-2019/07-01-2019;2000;08-01-2019/15-01-2019;3000;16-01-2019/21-01-2019;4000;22-01-2019/31-01-2019;5500
0;#N/A;ORIENTE;1000;01-01-2019/07-01-2019;2000;08-01-2019/15-01-2019;3000;16-01-2019/21-01-2019;4000;22-01-2019/31-01-2019;5500
TURE17CO;0401-010174;ORIENTE;1000;01-01-2019/07-01-2019;2000;08-01-2019/15-01-2019;3000;16-01-2019/21-01-2019;4000;22-01-2019/31-01-2019;5500
0;#N/A;ORIENTE;1000;01-01-2019/07-01-2019;2000;08-01-2019/15-01-2019;3000;16-01-2019/21-01-2019;4000;22-01-2019/31-01-2019;5500
0;#N/A;ORIENTE;1000;01-01-2019/07-01-2019;2000;08-01-2019/15-01-2019;3000;16-01-2019/21-01-2019;4000;22-01-2019/31-01-2019;5500
0;#N/A;ORIENTE;1000;01-01-2019/07-01-2019;2000;08-01-2019/15-01-2019;3000;16-01-2019/21-01-2019;4000;22-01-2019/31-01-2019;5500
0;#N/A;ORIENTE;1000;01-01-2019/07-01-2019;2000;08-01-2019/15-01-2019;3000;16-01-2019/21-01-2019;4000;22-01-2019/31-01-2019;5500
TURE80CO;0401-010189;ORIENTE;1000;01-01-2019/07-01-2019;2000;08-01-2019/15-01-2019;3000;16-01-2019/21-01-2019;4000;22-01-2019/31-01-2019;5500
TURE81CO;0401-010229;ORIENTE;1000;01-01-2019/07-01-2019;2000;08-01-2019/15-01-2019;3000;16-01-2019/21-01-2019;4000;22-01-2019/31-01-2019;5500
SOLCO028;0402-011628;ORIENTE;1000;01-01-2019/07-01-2019;2000;08-01-2019/15-01-2019;3000;16-01-2019/21-01-2019;4000;22-01-2019/31-01-2019;5500
SOLCO039;0402-011758;ORIENTE;1000;01-01-2019/07-01-2019;2000;08-01-2019/15-01-2019;3000;16-01-2019/21-01-2019;4000;22-01-2019/31-01-2019;5500
0;#N/A;ORIENTE;1000;01-01-2019/07-01-2019;2000;08-01-2019/15-01-2019;3000;16-01-2019/21-01-2019;4000;22-01-2019/31-01-2019;5500
SOLCO034;0402-011573;ORIENTE;1000;01-01-2019/07-01-2019;2000;08-01-2019/15-01-2019;3000;16-01-2019/21-01-2019;4000;22-01-2019/31-01-2019;5500
0;#N/A;ORIENTE;1000;01-01-2019/07-01-2019;2000;08-01-2019/15-01-2019;3000;16-01-2019/21-01-2019;4000;22-01-2019/31-01-2019;5500
SOLHO012;0610-010022;ORIENTE;1000;01-01-2019/07-01-2019;2000;08-01-2019/15-01-2019;3000;16-01-2019/21-01-2019;4000;22-01-2019/31-01-2019;5500
COSOL014;0402-011048;ORIENTE;1000;01-01-2019/07-01-2019;2000;08-01-2019/15-01-2019;3000;16-01-2019/21-01-2019;4000;22-01-2019/31-01-2019;5500
0;#N/A;ORIENTE;1000;01-01-2019/07-01-2019;2000;08-01-2019/15-01-2019;3000;16-01-2019/21-01-2019;4000;22-01-2019/31-01-2019;5500
COSOL027;0402-011423;ORIENTE;1000;01-01-2019/07-01-2019;2000;08-01-2019/15-01-2019;3000;16-01-2019/21-01-2019;4000;22-01-2019/31-01-2019;5500
COSOL027GN;0402-012063;ORIENTE;1000;01-01-2019/07-01-2019;2000;08-01-2019/15-01-2019;3000;16-01-2019/21-01-2019;4000;22-01-2019/31-01-2019;5500
COSOL030;0402-011763;ORIENTE;1000;01-01-2019/07-01-2019;2000;08-01-2019/15-01-2019;3000;16-01-2019/21-01-2019;4000;22-01-2019/31-01-2019;5500
0;#N/A;ORIENTE;1000;01-01-2019/07-01-2019;2000;08-01-2019/15-01-2019;3000;16-01-2019/21-01-2019;4000;22-01-2019/31-01-2019;5500
COSOL018;0402-011458;ORIENTE;1000;01-01-2019/07-01-2019;2000;08-01-2019/15-01-2019;3000;16-01-2019/21-01-2019;4000;22-01-2019/31-01-2019;5500
0;#N/A;ORIENTE;1000;01-01-2019/07-01-2019;2000;08-01-2019/15-01-2019;3000;16-01-2019/21-01-2019;4000;22-01-2019/31-01-2019;5500
0;#N/A;ORIENTE;1000;01-01-2019/07-01-2019;2000;08-01-2019/15-01-2019;3000;16-01-2019/21-01-2019;4000;22-01-2019/31-01-2019;5500
0;#N/A;ORIENTE;1000;01-01-2019/07-01-2019;2000;08-01-2019/15-01-2019;3000;16-01-2019/21-01-2019;4000;22-01-2019/31-01-2019;5500
SOLRD5500EV2C;0413-010026;ORIENTE;1000;01-01-2019/07-01-2019;2000;08-01-2019/15-01-2019;3000;16-01-2019/21-01-2019;4000;22-01-2019/31-01-2019;5500
0;#N/A;ORIENTE;1000;01-01-2019/07-01-2019;2000;08-01-2019/15-01-2019;3000;16-01-2019/21-01-2019;4000;22-01-2019/31-01-2019;5500
SOLTEE50;0413-010016;ORIENTE;1000;01-01-2019/07-01-2019;2000;08-01-2019/15-01-2019;3000;16-01-2019/21-01-2019;4000;22-01-2019/31-01-2019;5500
0;#N/A;ORIENTE;1000;01-01-2019/07-01-2019;2000;08-01-2019/15-01-2019;3000;16-01-2019/21-01-2019;4000;22-01-2019/31-01-2019;5500
SOLTEM050V;0413-010046;ORIENTE;1000;01-01-2019/07-01-2019;2000;08-01-2019/15-01-2019;3000;16-01-2019/21-01-2019;4000;22-01-2019/31-01-2019;5500
0;#N/A;ORIENTE;1000;01-01-2019/07-01-2019;2000;08-01-2019/15-01-2019;3000;16-01-2019/21-01-2019;4000;22-01-2019/31-01-2019;5500
0;#N/A;ORIENTE;1000;01-01-2019/07-01-2019;2000;08-01-2019/15-01-2019;3000;16-01-2019/21-01-2019;4000;22-01-2019/31-01-2019;5500
0;#N/A;ORIENTE;1000;01-01-2019/07-01-2019;2000;08-01-2019/15-01-2019;3000;16-01-2019/21-01-2019;4000;22-01-2019/31-01-2019;5500
0;#N/A;ORIENTE;1000;01-01-2019/07-01-2019;2000;08-01-2019/15-01-2019;3000;16-01-2019/21-01-2019;4000;22-01-2019/31-01-2019;5500
0;#N/A;ORIENTE;1000;01-01-2019/07-01-2019;2000;08-01-2019/15-01-2019;3000;16-01-2019/21-01-2019;4000;22-01-2019/31-01-2019;5500
0;#N/A;ORIENTE;1000;01-01-2019/07-01-2019;2000;08-01-2019/15-01-2019;3000;16-01-2019/21-01-2019;4000;22-01-2019/31-01-2019;5500
0;#N/A;ORIENTE;1000;01-01-2019/07-01-2019;2000;08-01-2019/15-01-2019;3000;16-01-2019/21-01-2019;4000;22-01-2019/31-01-2019;5500
0;#N/A;ORIENTE;1000;01-01-2019/07-01-2019;2000;08-01-2019/15-01-2019;3000;16-01-2019/21-01-2019;4000;22-01-2019/31-01-2019;5500
0;#N/A;ORIENTE;1000;01-01-2019/07-01-2019;2000;08-01-2019/15-01-2019;3000;16-01-2019/21-01-2019;4000;22-01-2019/31-01-2019;5500
0;#N/A;ORIENTE;1000;01-01-2019/07-01-2019;2000;08-01-2019/15-01-2019;3000;16-01-2019/21-01-2019;4000;22-01-2019/31-01-2019;5500
0;#N/A;ORIENTE;1000;01-01-2019/07-01-2019;2000;08-01-2019/15-01-2019;3000;16-01-2019/21-01-2019;4000;22-01-2019/31-01-2019;5500
0;#N/A;ORIENTE;1000;01-01-2019/07-01-2019;2000;08-01-2019/15-01-2019;3000;16-01-2019/21-01-2019;4000;22-01-2019/31-01-2019;5500
0;#N/A;ORIENTE;1000;01-01-2019/07-01-2019;2000;08-01-2019/15-01-2019;3000;16-01-2019/21-01-2019;4000;22-01-2019/31-01-2019;5500
0;#N/A;ORIENTE;1000;01-01-2019/07-01-2019;2000;08-01-2019/15-01-2019;3000;16-01-2019/21-01-2019;4000;22-01-2019/31-01-2019;5500
0;#N/A;ORIENTE;1000;01-01-2019/07-01-2019;2000;08-01-2019/15-01-2019;3000;16-01-2019/21-01-2019;4000;22-01-2019/31-01-2019;5500
0;#N/A;ORIENTE;1000;01-01-2019/07-01-2019;2000;08-01-2019/15-01-2019;3000;16-01-2019/21-01-2019;4000;22-01-2019/31-01-2019;5500
FPSTHM260;0602-010092;ORIENTE;1000;01-01-2019/07-01-2019;2000;08-01-2019/15-01-2019;3000;16-01-2019/21-01-2019;4000;22-01-2019/31-01-2019;5500
FPSTHM260R;0602-010097;ORIENTE;1000;01-01-2019/07-01-2019;2000;08-01-2019/15-01-2019;3000;16-01-2019/21-01-2019;4000;22-01-2019/31-01-2019;5500
FPSTHS2611;0602-010107;ORIENTE;1000;01-01-2019/07-01-2019;2000;08-01-2019/15-01-2019;3000;16-01-2019/21-01-2019;4000;22-01-2019/31-01-2019;5500
FPSTHS2612B-053;0602-010117;ORIENTE;1000;01-01-2019/07-01-2019;2000;08-01-2019/15-01-2019;3000;16-01-2019/21-01-2019;4000;22-01-2019/31-01-2019;5500
FPSTHS2612W-053;0602-010122;ORIENTE;1000;01-01-2019/07-01-2019;2000;08-01-2019/15-01-2019;3000;16-01-2019/21-01-2019;4000;22-01-2019/31-01-2019;5500
BVSTDC4402-053;0604-010026;ORIENTE;1000;01-01-2019/07-01-2019;2000;08-01-2019/15-01-2019;3000;16-01-2019/21-01-2019;4000;22-01-2019/31-01-2019;5500
BVSTDC4401-053;0604-010031;ORIENTE;1000;01-01-2019/07-01-2019;2000;08-01-2019/15-01-2019;3000;16-01-2019/21-01-2019;4000;22-01-2019/31-01-2019;5500
BVSTDCMV13-053;0604-010071;ORIENTE;1000;01-01-2019/07-01-2019;2000;08-01-2019/15-01-2019;3000;16-01-2019/21-01-2019;4000;22-01-2019/31-01-2019;5500
BVSTDCDW12B;0604-010076;ORIENTE;1000;01-01-2019/07-01-2019;2000;08-01-2019/15-01-2019;3000;16-01-2019/21-01-2019;4000;22-01-2019/31-01-2019;5500
BVSTDCDW12R;0604-010081;ORIENTE;1000;01-01-2019/07-01-2019;2000;08-01-2019/15-01-2019;3000;16-01-2019/21-01-2019;4000;22-01-2019/31-01-2019;5500
FPSTJE318R-053;0608-010108;ORIENTE;1000;01-01-2019/07-01-2019;2000;08-01-2019/15-01-2019;3000;16-01-2019/21-01-2019;4000;22-01-2019/31-01-2019;5500
FPSTJE318Z-053;0608-010113;ORIENTE;1000;01-01-2019/07-01-2019;2000;08-01-2019/15-01-2019;3000;16-01-2019/21-01-2019;4000;22-01-2019/31-01-2019;5500
BVSTKT3177BK;0609-010182;ORIENTE;1000;01-01-2019/07-01-2019;2000;08-01-2019/15-01-2019;3000;16-01-2019/21-01-2019;4000;22-01-2019/31-01-2019;5500
BVSTKT3177RD;0609-010187;ORIENTE;1000;01-01-2019/07-01-2019;2000;08-01-2019/15-01-2019;3000;16-01-2019/21-01-2019;4000;22-01-2019/31-01-2019;5500
BVSTKT3177K;0609-010202;ORIENTE;1000;01-01-2019/07-01-2019;2000;08-01-2019/15-01-2019;3000;16-01-2019/21-01-2019;4000;22-01-2019/31-01-2019;5500
BVSTKT3177T;0609-010207;ORIENTE;1000;01-01-2019/07-01-2019;2000;08-01-2019/15-01-2019;3000;16-01-2019/21-01-2019;4000;22-01-2019/31-01-2019;5500
BVSTKT3177M;0609-010212;ORIENTE;1000;01-01-2019/07-01-2019;2000;08-01-2019/15-01-2019;3000;16-01-2019/21-01-2019;4000;22-01-2019/31-01-2019;5500
BVSTKT665-053;0609-010222;ORIENTE;1000;01-01-2019/07-01-2019;2000;08-01-2019/15-01-2019;3000;16-01-2019/21-01-2019;4000;22-01-2019/31-01-2019;5500
BVSTKT674RD-053;0609-010232;ORIENTE;1000;01-01-2019/07-01-2019;2000;08-01-2019/15-01-2019;3000;16-01-2019/21-01-2019;4000;22-01-2019/31-01-2019;5500
BVSTKT674GR-053;0609-010237;ORIENTE;1000;01-01-2019/07-01-2019;2000;08-01-2019/15-01-2019;3000;16-01-2019/21-01-2019;4000;22-01-2019/31-01-2019;5500
BVSTKT674OR-053;0609-010242;ORIENTE;1000;01-01-2019/07-01-2019;2000;08-01-2019/15-01-2019;3000;16-01-2019/21-01-2019;4000;22-01-2019/31-01-2019;5500
6805;#N/A;ORIENTE;1000;01-01-2019/07-01-2019;2000;08-01-2019/15-01-2019;3000;16-01-2019/21-01-2019;4000;22-01-2019/31-01-2019;5500
6808;#N/A;ORIENTE;1000;01-01-2019/07-01-2019;2000;08-01-2019/15-01-2019;3000;16-01-2019/21-01-2019;4000;22-01-2019/31-01-2019;5500
250-22;0611-010039;ORIENTE;1000;01-01-2019/07-01-2019;2000;08-01-2019/15-01-2019;3000;16-01-2019/21-01-2019;4000;22-01-2019/31-01-2019;5500
4655;#N/A;ORIENTE;1000;01-01-2019/07-01-2019;2000;08-01-2019/15-01-2019;3000;16-01-2019/21-01-2019;4000;22-01-2019/31-01-2019;5500
BPST02-B00;0611-010194;ORIENTE;1000;01-01-2019/07-01-2019;2000;08-01-2019/15-01-2019;3000;16-01-2019/21-01-2019;4000;22-01-2019/31-01-2019;5500
BLSTMG-W00-051;0611-010199;ORIENTE;1000;01-01-2019/07-01-2019;2000;08-01-2019/15-01-2019;3000;16-01-2019/21-01-2019;4000;22-01-2019/31-01-2019;5500
4134;#N/A;ORIENTE;1000;01-01-2019/07-01-2019;2000;08-01-2019/15-01-2019;3000;16-01-2019/21-01-2019;4000;22-01-2019/31-01-2019;5500
4126;#N/A;ORIENTE;1000;01-01-2019/07-01-2019;2000;08-01-2019/15-01-2019;3000;16-01-2019/21-01-2019;4000;22-01-2019/31-01-2019;5500
BLSTMG-B00-051;0611-010274;ORIENTE;1000;01-01-2019/07-01-2019;2000;08-01-2019/15-01-2019;3000;16-01-2019/21-01-2019;4000;22-01-2019/31-01-2019;5500
BEST02-E01-053;0611-010279;ORIENTE;1000;01-01-2019/07-01-2019;2000;08-01-2019/15-01-2019;3000;16-01-2019/21-01-2019;4000;22-01-2019/31-01-2019;5500
BLSTDG-R00-051;0611-010284;ORIENTE;1000;01-01-2019/07-01-2019;2000;08-01-2019/15-01-2019;3000;16-01-2019/21-01-2019;4000;22-01-2019/31-01-2019;5500
4128;#N/A;ORIENTE;1000;01-01-2019/07-01-2019;2000;08-01-2019/15-01-2019;3000;16-01-2019/21-01-2019;4000;22-01-2019/31-01-2019;5500
BLSTDG-B00;0611-010294;ORIENTE;1000;01-01-2019/07-01-2019;2000;08-01-2019/15-01-2019;3000;16-01-2019/21-01-2019;4000;22-01-2019/31-01-2019;5500
BLSTMG-RD0;0611-010299;ORIENTE;1000;01-01-2019/07-01-2019;2000;08-01-2019/15-01-2019;3000;16-01-2019/21-01-2019;4000;22-01-2019/31-01-2019;5500
BLSTMG-A15;0611-010349;ORIENTE;1000;01-01-2019/07-01-2019;2000;08-01-2019/15-01-2019;3000;16-01-2019/21-01-2019;4000;22-01-2019/31-01-2019;5500
BLSTMG-K15;0611-010354;ORIENTE;1000;01-01-2019/07-01-2019;2000;08-01-2019/15-01-2019;3000;16-01-2019/21-01-2019;4000;22-01-2019/31-01-2019;5500
BLSTMG-T15;0611-010364;ORIENTE;1000;01-01-2019/07-01-2019;2000;08-01-2019/15-01-2019;3000;16-01-2019/21-01-2019;4000;22-01-2019/31-01-2019;5500
BLSTMG-M15051;0611-010399;ORIENTE;1000;01-01-2019/07-01-2019;2000;08-01-2019/15-01-2019;3000;16-01-2019/21-01-2019;4000;22-01-2019/31-01-2019;5500
BLSTVB_G00;0611-010424;ORIENTE;1000;01-01-2019/07-01-2019;2000;08-01-2019/15-01-2019;3000;16-01-2019/21-01-2019;4000;22-01-2019/31-01-2019;5500
BLSTVB_POO;0611-010429;ORIENTE;1000;01-01-2019/07-01-2019;2000;08-01-2019/15-01-2019;3000;16-01-2019/21-01-2019;4000;22-01-2019/31-01-2019;5500
BLSTFG_C00;0611-010464;ORIENTE;1000;01-01-2019/07-01-2019;2000;08-01-2019/15-01-2019;3000;16-01-2019/21-01-2019;4000;22-01-2019/31-01-2019;5500
BLSTFG_R00;0611-010469;ORIENTE;1000;01-01-2019/07-01-2019;2000;08-01-2019/15-01-2019;3000;16-01-2019/21-01-2019;4000;22-01-2019/31-01-2019;5500
BLSTEG7826C;0611-010474;ORIENTE;1000;01-01-2019/07-01-2019;2000;08-01-2019/15-01-2019;3000;16-01-2019/21-01-2019;4000;22-01-2019/31-01-2019;5500
BLSTEG7805R;0611-010479;ORIENTE;1000;01-01-2019/07-01-2019;2000;08-01-2019/15-01-2019;3000;16-01-2019/21-01-2019;4000;22-01-2019/31-01-2019;5500
BLSTEG7805W;0611-010484;ORIENTE;1000;01-01-2019/07-01-2019;2000;08-01-2019/15-01-2019;3000;16-01-2019/21-01-2019;4000;22-01-2019/31-01-2019;5500
BLSTBG4655B;0611-010494;ORIENTE;1000;01-01-2019/07-01-2019;2000;08-01-2019/15-01-2019;3000;16-01-2019/21-01-2019;4000;22-01-2019/31-01-2019;5500
4730;#N/A;ORIENTE;1000;01-01-2019/07-01-2019;2000;08-01-2019/15-01-2019;3000;16-01-2019/21-01-2019;4000;22-01-2019/31-01-2019;5500
4731;#N/A;ORIENTE;1000;01-01-2019/07-01-2019;2000;08-01-2019/15-01-2019;3000;16-01-2019/21-01-2019;4000;22-01-2019/31-01-2019;5500
6029;#N/A;ORIENTE;1000;01-01-2019/07-01-2019;2000;08-01-2019/15-01-2019;3000;16-01-2019/21-01-2019;4000;22-01-2019/31-01-2019;5500
6030;#N/A;ORIENTE;1000;01-01-2019/07-01-2019;2000;08-01-2019/15-01-2019;3000;16-01-2019/21-01-2019;4000;22-01-2019/31-01-2019;5500
6028;#N/A;ORIENTE;1000;01-01-2019/07-01-2019;2000;08-01-2019/15-01-2019;3000;16-01-2019/21-01-2019;4000;22-01-2019/31-01-2019;5500
4723;#N/A;ORIENTE;1000;01-01-2019/07-01-2019;2000;08-01-2019/15-01-2019;3000;16-01-2019/21-01-2019;4000;22-01-2019/31-01-2019;5500
4722-05;0615-010196;ORIENTE;1000;01-01-2019/07-01-2019;2000;08-01-2019/15-01-2019;3000;16-01-2019/21-01-2019;4000;22-01-2019/31-01-2019;5500
004731-53;0615-010221;ORIENTE;1000;01-01-2019/07-01-2019;2000;08-01-2019/15-01-2019;3000;16-01-2019/21-01-2019;4000;22-01-2019/31-01-2019;5500
CKSTRC4733;0615-010246;ORIENTE;1000;01-01-2019/07-01-2019;2000;08-01-2019/15-01-2019;3000;16-01-2019/21-01-2019;4000;22-01-2019/31-01-2019;5500
4728-R;0615-010261;ORIENTE;1000;01-01-2019/07-01-2019;2000;08-01-2019/15-01-2019;3000;16-01-2019/21-01-2019;4000;22-01-2019/31-01-2019;5500
4731-R;0615-010266;ORIENTE;1000;01-01-2019/07-01-2019;2000;08-01-2019/15-01-2019;3000;16-01-2019/21-01-2019;4000;22-01-2019/31-01-2019;5500
4732;#N/A;ORIENTE;1000;01-01-2019/07-01-2019;2000;08-01-2019/15-01-2019;3000;16-01-2019/21-01-2019;4000;22-01-2019/31-01-2019;5500
CKSTRC7029;0615-010286;ORIENTE;1000;01-01-2019/07-01-2019;2000;08-01-2019/15-01-2019;3000;16-01-2019/21-01-2019;4000;22-01-2019/31-01-2019;5500
6130;#N/A;ORIENTE;1000;01-01-2019/07-01-2019;2000;08-01-2019/15-01-2019;3000;16-01-2019/21-01-2019;4000;22-01-2019/31-01-2019;5500
6129;#N/A;ORIENTE;1000;01-01-2019/07-01-2019;2000;08-01-2019/15-01-2019;3000;16-01-2019/21-01-2019;4000;22-01-2019/31-01-2019;5500
CKSTRC6130R;0615-010316;ORIENTE;1000;01-01-2019/07-01-2019;2000;08-01-2019/15-01-2019;3000;16-01-2019/21-01-2019;4000;22-01-2019/31-01-2019;5500
6029T;0615-010331;ORIENTE;1000;01-01-2019/07-01-2019;2000;08-01-2019/15-01-2019;3000;16-01-2019/21-01-2019;4000;22-01-2019/31-01-2019;5500
6029K;0615-010336;ORIENTE;1000;01-01-2019/07-01-2019;2000;08-01-2019/15-01-2019;3000;16-01-2019/21-01-2019;4000;22-01-2019/31-01-2019;5500
6029M;0615-010341;ORIENTE;1000;01-01-2019/07-01-2019;2000;08-01-2019/15-01-2019;3000;16-01-2019/21-01-2019;4000;22-01-2019/31-01-2019;5500
CKSTRC6033;0615-010346;ORIENTE;1000;01-01-2019/07-01-2019;2000;08-01-2019/15-01-2019;3000;16-01-2019/21-01-2019;4000;22-01-2019/31-01-2019;5500
CKSTRC6032-053;0615-010361;ORIENTE;1000;01-01-2019/07-01-2019;2000;08-01-2019/15-01-2019;3000;16-01-2019/21-01-2019;4000;22-01-2019/31-01-2019;5500
CKSTRC1700B;0615-010376;ORIENTE;1000;01-01-2019/07-01-2019;2000;08-01-2019/15-01-2019;3000;16-01-2019/21-01-2019;4000;22-01-2019/31-01-2019;5500
CKSTRC1700W;0615-010381;ORIENTE;1000;01-01-2019/07-01-2019;2000;08-01-2019/15-01-2019;3000;16-01-2019/21-01-2019;4000;22-01-2019/31-01-2019;5500
GCSTTS7010-053;0616-010194;ORIENTE;1000;01-01-2019/07-01-2019;2000;08-01-2019/15-01-2019;3000;16-01-2019/21-01-2019;4000;22-01-2019/31-01-2019;5500
GCSTTS7012-053;0616-010199;ORIENTE;1000;01-01-2019/07-01-2019;2000;08-01-2019/15-01-2019;3000;16-01-2019/21-01-2019;4000;22-01-2019/31-01-2019;5500
GCSTBS5806-053;0616-010204;ORIENTE;1000;01-01-2019/07-01-2019;2000;08-01-2019/15-01-2019;3000;16-01-2019/21-01-2019;4000;22-01-2019/31-01-2019;5500
GCSTBS5804-053;0616-010214;ORIENTE;1000;01-01-2019/07-01-2019;2000;08-01-2019/15-01-2019;3000;16-01-2019/21-01-2019;4000;22-01-2019/31-01-2019;5500
GCSTBS5813-053;0616-010219;ORIENTE;1000;01-01-2019/07-01-2019;2000;08-01-2019/15-01-2019;3000;16-01-2019/21-01-2019;4000;22-01-2019/31-01-2019;5500
GCSTBS5802-053;0616-010229;ORIENTE;1000;01-01-2019/07-01-2019;2000;08-01-2019/15-01-2019;3000;16-01-2019/21-01-2019;4000;22-01-2019/31-01-2019;5500
GCSTBS5803-053;0616-010234;ORIENTE;1000;01-01-2019/07-01-2019;2000;08-01-2019/15-01-2019;3000;16-01-2019/21-01-2019;4000;22-01-2019/31-01-2019;5500
GCSTBV4119-053;0616-010309;ORIENTE;1000;01-01-2019/07-01-2019;2000;08-01-2019/15-01-2019;3000;16-01-2019/21-01-2019;4000;22-01-2019/31-01-2019;5500
GCSTPM7001;0616-010359;ORIENTE;1000;01-01-2019/07-01-2019;2000;08-01-2019/15-01-2019;3000;16-01-2019/21-01-2019;4000;22-01-2019/31-01-2019;5500
GCSTSP6104;0616-010364;ORIENTE;1000;01-01-2019/07-01-2019;2000;08-01-2019/15-01-2019;3000;16-01-2019/21-01-2019;4000;22-01-2019/31-01-2019;5500
GCSTSP6102;0616-010374;ORIENTE;1000;01-01-2019/07-01-2019;2000;08-01-2019/15-01-2019;3000;16-01-2019/21-01-2019;4000;22-01-2019/31-01-2019;5500
GCSTBS5854;0616-010394;ORIENTE;1000;01-01-2019/07-01-2019;2000;08-01-2019/15-01-2019;3000;16-01-2019/21-01-2019;4000;22-01-2019/31-01-2019;5500
GCSTBS5855;0616-010399;ORIENTE;1000;01-01-2019/07-01-2019;2000;08-01-2019/15-01-2019;3000;16-01-2019/21-01-2019;4000;22-01-2019/31-01-2019;5500
GCSTBS5856;0616-010404;ORIENTE;1000;01-01-2019/07-01-2019;2000;08-01-2019/15-01-2019;3000;16-01-2019/21-01-2019;4000;22-01-2019/31-01-2019;5500
GCSTBS5857;0616-010409;ORIENTE;1000;01-01-2019/07-01-2019;2000;08-01-2019/15-01-2019;3000;16-01-2019/21-01-2019;4000;22-01-2019/31-01-2019;5500
GCSTSP6201;0616-010424;ORIENTE;1000;01-01-2019/07-01-2019;2000;08-01-2019/15-01-2019;3000;16-01-2019/21-01-2019;4000;22-01-2019/31-01-2019;5500
GCSTCM2003;0616-010444;ORIENTE;1000;01-01-2019/07-01-2019;2000;08-01-2019/15-01-2019;3000;16-01-2019/21-01-2019;4000;22-01-2019/31-01-2019;5500
GCSTCM2001;0616-010449;ORIENTE;1000;01-01-2019/07-01-2019;2000;08-01-2019/15-01-2019;3000;16-01-2019/21-01-2019;4000;22-01-2019/31-01-2019;5500
GCSTBS4801L-053;0616-010464;ORIENTE;1000;01-01-2019/07-01-2019;2000;08-01-2019/15-01-2019;3000;16-01-2019/21-01-2019;4000;22-01-2019/31-01-2019;5500
GCSTBS4801R-053;0616-010469;ORIENTE;1000;01-01-2019/07-01-2019;2000;08-01-2019/15-01-2019;3000;16-01-2019/21-01-2019;4000;22-01-2019/31-01-2019;5500
GCSTBS4801S-053;0616-010474;ORIENTE;1000;01-01-2019/07-01-2019;2000;08-01-2019/15-01-2019;3000;16-01-2019/21-01-2019;4000;22-01-2019/31-01-2019;5500
GCSTBS4801T-053;0616-010479;ORIENTE;1000;01-01-2019/07-01-2019;2000;08-01-2019/15-01-2019;3000;16-01-2019/21-01-2019;4000;22-01-2019/31-01-2019;5500
GCSTBS4801W-053;0616-010484;ORIENTE;1000;01-01-2019/07-01-2019;2000;08-01-2019/15-01-2019;3000;16-01-2019/21-01-2019;4000;22-01-2019/31-01-2019;5500
GCSTBS5904;0616-010494;ORIENTE;1000;01-01-2019/07-01-2019;2000;08-01-2019/15-01-2019;3000;16-01-2019/21-01-2019;4000;22-01-2019/31-01-2019;5500
GCSTBS5912;0616-010499;ORIENTE;1000;01-01-2019/07-01-2019;2000;08-01-2019/15-01-2019;3000;16-01-2019/21-01-2019;4000;22-01-2019/31-01-2019;5500
GCSTBS5913;0616-010504;ORIENTE;1000;01-01-2019/07-01-2019;2000;08-01-2019/15-01-2019;3000;16-01-2019/21-01-2019;4000;22-01-2019/31-01-2019;5500
GCSTBS5954;0616-010509;ORIENTE;1000;01-01-2019/07-01-2019;2000;08-01-2019/15-01-2019;3000;16-01-2019/21-01-2019;4000;22-01-2019/31-01-2019;5500
GCSTBS5955;0616-010514;ORIENTE;1000;01-01-2019/07-01-2019;2000;08-01-2019/15-01-2019;3000;16-01-2019/21-01-2019;4000;22-01-2019/31-01-2019;5500
14-BS026LA;0202-032091;ORIENTE;1000;01-01-2019/07-01-2019;2000;08-01-2019/15-01-2019;3000;16-01-2019/21-01-2019;4000;22-01-2019/31-01-2019;5500
HP250G6CI5;0202-032116;ORIENTE;1000;01-01-2019/07-01-2019;2000;08-01-2019/15-01-2019;3000;16-01-2019/21-01-2019;4000;22-01-2019/31-01-2019;5500
14-CK0033LA;0202-032416;ORIENTE;1000;01-01-2019/07-01-2019;2000;08-01-2019/15-01-2019;3000;16-01-2019/21-01-2019;4000;22-01-2019/31-01-2019;5500
15-DA0008LA;0202-032301;ORIENTE;1000;01-01-2019/07-01-2019;2000;08-01-2019/15-01-2019;3000;16-01-2019/21-01-2019;4000;22-01-2019/31-01-2019;5500
14-CK0005LA;0202-032296;ORIENTE;1000;01-01-2019/07-01-2019;2000;08-01-2019/15-01-2019;3000;16-01-2019/21-01-2019;4000;22-01-2019/31-01-2019;5500
HP250G6I3;0202-032156;ORIENTE;1000;01-01-2019/07-01-2019;2000;08-01-2019/15-01-2019;3000;16-01-2019/21-01-2019;4000;22-01-2019/31-01-2019;5500
14-BS006LA;0202-032126;ORIENTE;1000;01-01-2019/07-01-2019;2000;08-01-2019/15-01-2019;3000;16-01-2019/21-01-2019;4000;22-01-2019/31-01-2019;5500
HP245G6;0202-032146;ORIENTE;1000;01-01-2019/07-01-2019;2000;08-01-2019/15-01-2019;3000;16-01-2019/21-01-2019;4000;22-01-2019/31-01-2019;5500
F0D4001GLD;0202-040171;ORIENTE;1000;01-01-2019/07-01-2019;2000;08-01-2019/15-01-2019;3000;16-01-2019/21-01-2019;4000;22-01-2019/31-01-2019;5500
ZA310049PE;0210-010336;ORIENTE;1000;01-01-2019/07-01-2019;2000;08-01-2019/15-01-2019;3000;16-01-2019/21-01-2019;4000;22-01-2019/31-01-2019;5500
81AX000RLM;0202-032291;ORIENTE;1000;01-01-2019/07-01-2019;2000;08-01-2019/15-01-2019;3000;16-01-2019/21-01-2019;4000;22-01-2019/31-01-2019;5500
81AY0018LM;0202-032276;ORIENTE;1000;01-01-2019/07-01-2019;2000;08-01-2019/15-01-2019;3000;16-01-2019/21-01-2019;4000;22-01-2019/31-01-2019;5500
81HQ00L5LM;0202-032411;ORIENTE;1000;01-01-2019/07-01-2019;2000;08-01-2019/15-01-2019;3000;16-01-2019/21-01-2019;4000;22-01-2019/31-01-2019;5500
81DE0275LM;0202-032391;ORIENTE;1000;01-01-2019/07-01-2019;2000;08-01-2019/15-01-2019;3000;16-01-2019/21-01-2019;4000;22-01-2019/31-01-2019;5500
81BG00YQLM;0202-032341;ORIENTE;1000;01-01-2019/07-01-2019;2000;08-01-2019/15-01-2019;3000;16-01-2019/21-01-2019;4000;22-01-2019/31-01-2019;5500
81MV000ALM;0202-032396;ORIENTE;1000;01-01-2019/07-01-2019;2000;08-01-2019/15-01-2019;3000;16-01-2019/21-01-2019;4000;22-01-2019/31-01-2019;5500
81BL00BTLM;0202-032326;ORIENTE;1000;01-01-2019/07-01-2019;2000;08-01-2019/15-01-2019;3000;16-01-2019/21-01-2019;4000;22-01-2019/31-01-2019;5500
81B000CELM;0202-032356;ORIENTE;1000;01-01-2019/07-01-2019;2000;08-01-2019/15-01-2019;3000;16-01-2019/21-01-2019;4000;22-01-2019/31-01-2019;5500
81B0000FLM;0202-032286;ORIENTE;1000;01-01-2019/07-01-2019;2000;08-01-2019/15-01-2019;3000;16-01-2019/21-01-2019;4000;22-01-2019/31-01-2019;5500
81AX00B4LM;0202-032261;ORIENTE;1000;01-01-2019/07-01-2019;2000;08-01-2019/15-01-2019;3000;16-01-2019/21-01-2019;4000;22-01-2019/31-01-2019;5500
81AX000NLM;0202-032281;ORIENTE;1000;01-01-2019/07-01-2019;2000;08-01-2019/15-01-2019;3000;16-01-2019/21-01-2019;4000;22-01-2019/31-01-2019;5500
80WK00N7LM;0202-032251;ORIENTE;1000;01-01-2019/07-01-2019;2000;08-01-2019/15-01-2019;3000;16-01-2019/21-01-2019;4000;22-01-2019/31-01-2019;5500
81MT0000LM;0202-032401;ORIENTE;1000;01-01-2019/07-01-2019;2000;08-01-2019/15-01-2019;3000;16-01-2019/21-01-2019;4000;22-01-2019/31-01-2019;5500
80TD0056LM;0202-032221;ORIENTE;1000;01-01-2019/07-01-2019;2000;08-01-2019/15-01-2019;3000;16-01-2019/21-01-2019;4000;22-01-2019/31-01-2019;5500
81D00018LM;0202-032346;ORIENTE;1000;01-01-2019/07-01-2019;2000;08-01-2019/15-01-2019;3000;16-01-2019/21-01-2019;4000;22-01-2019/31-01-2019;5500
80XR01AFLM;0202-032306;ORIENTE;1000;01-01-2019/07-01-2019;2000;08-01-2019/15-01-2019;3000;16-01-2019/21-01-2019;4000;22-01-2019/31-01-2019;5500
80T7002FLM;0202-032081;ORIENTE;1000;01-01-2019/07-01-2019;2000;08-01-2019/15-01-2019;3000;16-01-2019/21-01-2019;4000;22-01-2019/31-01-2019;5500
AZ1-601-RC30;0202-040091;ORIENTE;1000;01-01-2019/07-01-2019;2000;08-01-2019/15-01-2019;3000;16-01-2019/21-01-2019;4000;22-01-2019/31-01-2019;5500
A315-51-34KX;0202-032386;ORIENTE;1000;01-01-2019/07-01-2019;2000;08-01-2019/15-01-2019;3000;16-01-2019/21-01-2019;4000;22-01-2019/31-01-2019;5500
A315-53G-56QU;0202-032371;ORIENTE;1000;01-01-2019/07-01-2019;2000;08-01-2019/15-01-2019;3000;16-01-2019/21-01-2019;4000;22-01-2019/31-01-2019;5500
A315-31-C2T2;0202-032271;ORIENTE;1000;01-01-2019/07-01-2019;2000;08-01-2019/15-01-2019;3000;16-01-2019/21-01-2019;4000;22-01-2019/31-01-2019;5500
E5-551-T08E;0202-031806;ORIENTE;1000;01-01-2019/07-01-2019;2000;08-01-2019/15-01-2019;3000;16-01-2019/21-01-2019;4000;22-01-2019/31-01-2019;5500
DCP-T310;0203-050101;ORIENTE;1000;01-01-2019/07-01-2019;2000;08-01-2019/15-01-2019;3000;16-01-2019/21-01-2019;4000;22-01-2019/31-01-2019;5500
DCP-T510W;0203-050096;ORIENTE;1000;01-01-2019/07-01-2019;2000;08-01-2019/15-01-2019;3000;16-01-2019/21-01-2019;4000;22-01-2019/31-01-2019;5500
DCP-T710W;0203-050091;ORIENTE;1000;01-01-2019/07-01-2019;2000;08-01-2019/15-01-2019;3000;16-01-2019/21-01-2019;4000;22-01-2019/31-01-2019;5500
DCP-T910W;0203-050106;ORIENTE;1000;01-01-2019/07-01-2019;2000;08-01-2019/15-01-2019;3000;16-01-2019/21-01-2019;4000;22-01-2019/31-01-2019;5500
BT-6001BK;0201-210026;ORIENTE;1000;01-01-2019/07-01-2019;2000;08-01-2019/15-01-2019;3000;16-01-2019/21-01-2019;4000;22-01-2019/31-01-2019;5500
RECLIN_DACIJHO;0503-010371;ORIENTE;1000;01-01-2019/07-01-2019;2000;08-01-2019/15-01-2019;3000;16-01-2019/21-01-2019;4000;22-01-2019/31-01-2019;5500
0;#N/A;ORIENTE;1000;01-01-2019/07-01-2019;2000;08-01-2019/15-01-2019;3000;16-01-2019/21-01-2019;4000;22-01-2019/31-01-2019;5500
ELEGANT;0501-020203;ORIENTE;1000;01-01-2019/07-01-2019;2000;08-01-2019/15-01-2019;3000;16-01-2019/21-01-2019;4000;22-01-2019/31-01-2019;5500
BURBUJAJGOSAL;0503-010396;ORIENTE;1000;01-01-2019/07-01-2019;2000;08-01-2019/15-01-2019;3000;16-01-2019/21-01-2019;4000;22-01-2019/31-01-2019;5500
ROLLITOJGOSAL;0503-010386;ORIENTE;1000;01-01-2019/07-01-2019;2000;08-01-2019/15-01-2019;3000;16-01-2019/21-01-2019;4000;22-01-2019/31-01-2019;5500
EDEN1.5;0501-010003;ORIENTE;1000;01-01-2019/07-01-2019;2000;08-01-2019/15-01-2019;3000;16-01-2019/21-01-2019;4000;22-01-2019/31-01-2019;5500
DAMASCO1.5P;0501-010024;ORIENTE;1000;01-01-2019/07-01-2019;2000;08-01-2019/15-01-2019;3000;16-01-2019/21-01-2019;4000;22-01-2019/31-01-2019;5500
MEDALLON1.5;0501-010029;ORIENTE;1000;01-01-2019/07-01-2019;2000;08-01-2019/15-01-2019;3000;16-01-2019/21-01-2019;4000;22-01-2019/31-01-2019;5500
TROPIDAMASC1.5;0501-010034;ORIENTE;1000;01-01-2019/07-01-2019;2000;08-01-2019/15-01-2019;3000;16-01-2019/21-01-2019;4000;22-01-2019/31-01-2019;5500
SUMAJES15;0501-010099;ORIENTE;1000;01-01-2019/07-01-2019;2000;08-01-2019/15-01-2019;3000;16-01-2019/21-01-2019;4000;22-01-2019/31-01-2019;5500
SUMAJESTADLUJO;0501-020002;ORIENTE;1000;01-01-2019/07-01-2019;2000;08-01-2019/15-01-2019;3000;16-01-2019/21-01-2019;4000;22-01-2019/31-01-2019;5500
MEDALLON2.0;0501-020003;ORIENTE;1000;01-01-2019/07-01-2019;2000;08-01-2019/15-01-2019;3000;16-01-2019/21-01-2019;4000;22-01-2019/31-01-2019;5500
SUPERSTAR;0501-020028;ORIENTE;1000;01-01-2019/07-01-2019;2000;08-01-2019/15-01-2019;3000;16-01-2019/21-01-2019;4000;22-01-2019/31-01-2019;5500
DAMASCO2PZ;0501-020033;ORIENTE;1000;01-01-2019/07-01-2019;2000;08-01-2019/15-01-2019;3000;16-01-2019/21-01-2019;4000;22-01-2019/31-01-2019;5500
EDEN2.0;0501-020038;ORIENTE;1000;01-01-2019/07-01-2019;2000;08-01-2019/15-01-2019;3000;16-01-2019/21-01-2019;4000;22-01-2019/31-01-2019;5500
TROPIDAMAS2.0;0501-020058;ORIENTE;1000;01-01-2019/07-01-2019;2000;08-01-2019/15-01-2019;3000;16-01-2019/21-01-2019;4000;22-01-2019/31-01-2019;5500
ROYALPRINCE;0501-020063;ORIENTE;1000;01-01-2019/07-01-2019;2000;08-01-2019/15-01-2019;3000;16-01-2019/21-01-2019;4000;22-01-2019/31-01-2019;5500
ROYALELIZABETH;0501-020103;ORIENTE;1000;01-01-2019/07-01-2019;2000;08-01-2019/15-01-2019;3000;16-01-2019/21-01-2019;4000;22-01-2019/31-01-2019;5500
SUMAJESERGOSOF;0501-020123;ORIENTE;1000;01-01-2019/07-01-2019;2000;08-01-2019/15-01-2019;3000;16-01-2019/21-01-2019;4000;22-01-2019/31-01-2019;5500
CONSUL2PLZ;0501-020163;ORIENTE;1000;01-01-2019/07-01-2019;2000;08-01-2019/15-01-2019;3000;16-01-2019/21-01-2019;4000;22-01-2019/31-01-2019;5500
POCKETSTAR20;0501-020168;ORIENTE;1000;01-01-2019/07-01-2019;2000;08-01-2019/15-01-2019;3000;16-01-2019/21-01-2019;4000;22-01-2019/31-01-2019;5500
EROS1.5PLZ;0501-010001;ORIENTE;1000;01-01-2019/07-01-2019;2000;08-01-2019/15-01-2019;3000;16-01-2019/21-01-2019;4000;22-01-2019/31-01-2019;5500
SINGAPUROR.PIL;0501-010004;ORIENTE;1000;01-01-2019/07-01-2019;2000;08-01-2019/15-01-2019;3000;16-01-2019/21-01-2019;4000;22-01-2019/31-01-2019;5500
ALBANY1.5PLZ;0501-010074;ORIENTE;1000;01-01-2019/07-01-2019;2000;08-01-2019/15-01-2019;3000;16-01-2019/21-01-2019;4000;22-01-2019/31-01-2019;5500
DUBAY1.5PLZ;0501-010079;ORIENTE;1000;01-01-2019/07-01-2019;2000;08-01-2019/15-01-2019;3000;16-01-2019/21-01-2019;4000;22-01-2019/31-01-2019;5500
ISIDROPIL1.5;0501-010084;ORIENTE;1000;01-01-2019/07-01-2019;2000;08-01-2019/15-01-2019;3000;16-01-2019/21-01-2019;4000;22-01-2019/31-01-2019;5500
VARADEROP1.5;0501-010089;ORIENTE;1000;01-01-2019/07-01-2019;2000;08-01-2019/15-01-2019;3000;16-01-2019/21-01-2019;4000;22-01-2019/31-01-2019;5500
BOUQUET_PI_1.5P;0501-010104;ORIENTE;1000;01-01-2019/07-01-2019;2000;08-01-2019/15-01-2019;3000;16-01-2019/21-01-2019;4000;22-01-2019/31-01-2019;5500
BOUQUET_1.5P;0501-010109;ORIENTE;1000;01-01-2019/07-01-2019;2000;08-01-2019/15-01-2019;3000;16-01-2019/21-01-2019;4000;22-01-2019/31-01-2019;5500
SEX2PLZ;0501-020013;ORIENTE;1000;01-01-2019/07-01-2019;2000;08-01-2019/15-01-2019;3000;16-01-2019/21-01-2019;4000;22-01-2019/31-01-2019;5500
SINGAPUR2PLO.;0501-020043;ORIENTE;1000;01-01-2019/07-01-2019;2000;08-01-2019/15-01-2019;3000;16-01-2019/21-01-2019;4000;22-01-2019/31-01-2019;5500
SOFTLY2PLZ;0501-020048;ORIENTE;1000;01-01-2019/07-01-2019;2000;08-01-2019/15-01-2019;3000;16-01-2019/21-01-2019;4000;22-01-2019/31-01-2019;5500
NEWROMANCE2PZ;0501-020118;ORIENTE;1000;01-01-2019/07-01-2019;2000;08-01-2019/15-01-2019;3000;16-01-2019/21-01-2019;4000;22-01-2019/31-01-2019;5500
DIVA2PZS;0501-020128;ORIENTE;1000;01-01-2019/07-01-2019;2000;08-01-2019/15-01-2019;3000;16-01-2019/21-01-2019;4000;22-01-2019/31-01-2019;5500
ALBANY2.0PLZ;0501-020133;ORIENTE;1000;01-01-2019/07-01-2019;2000;08-01-2019/15-01-2019;3000;16-01-2019/21-01-2019;4000;22-01-2019/31-01-2019;5500
DUBAY2.0PLZ;0501-020138;ORIENTE;1000;01-01-2019/07-01-2019;2000;08-01-2019/15-01-2019;3000;16-01-2019/21-01-2019;4000;22-01-2019/31-01-2019;5500
ISIDROPILLOW2;0501-020143;ORIENTE;1000;01-01-2019/07-01-2019;2000;08-01-2019/15-01-2019;3000;16-01-2019/21-01-2019;4000;22-01-2019/31-01-2019;5500
VARADEROPILL2.;0501-020148;ORIENTE;1000;01-01-2019/07-01-2019;2000;08-01-2019/15-01-2019;3000;16-01-2019/21-01-2019;4000;22-01-2019/31-01-2019;5500
BOUQUET_PI_2P;0501-020173;ORIENTE;1000;01-01-2019/07-01-2019;2000;08-01-2019/15-01-2019;3000;16-01-2019/21-01-2019;4000;22-01-2019/31-01-2019;5500
BOUQUET_2P;0501-020178;ORIENTE;1000;01-01-2019/07-01-2019;2000;08-01-2019/15-01-2019;3000;16-01-2019/21-01-2019;4000;22-01-2019/31-01-2019;5500
ELEMENT_2P;0501-020183;ORIENTE;1000;01-01-2019/07-01-2019;2000;08-01-2019/15-01-2019;3000;16-01-2019/21-01-2019;4000;22-01-2019/31-01-2019;5500
FER2.0;0501-020188;ORIENTE;1000;01-01-2019/07-01-2019;2000;08-01-2019/15-01-2019;3000;16-01-2019/21-01-2019;4000;22-01-2019/31-01-2019;5500
ZAROH;0501-020193;ORIENTE;1000;01-01-2019/07-01-2019;2000;08-01-2019/15-01-2019;3000;16-01-2019/21-01-2019;4000;22-01-2019/31-01-2019;5500
SPRING_AIR_1.5;0501-010119;ORIENTE;1000;01-01-2019/07-01-2019;2000;08-01-2019/15-01-2019;3000;16-01-2019/21-01-2019;4000;22-01-2019/31-01-2019;5500
HELIOS_PILL_1.5;0501-010124;ORIENTE;1000;01-01-2019/07-01-2019;2000;08-01-2019/15-01-2019;3000;16-01-2019/21-01-2019;4000;22-01-2019/31-01-2019;5500
LORDPILLOW;0501-020198;ORIENTE;1000;01-01-2019/07-01-2019;2000;08-01-2019/15-01-2019;3000;16-01-2019/21-01-2019;4000;22-01-2019/31-01-2019;5500
ELEGANT;0501-020203;ORIENTE;1000;01-01-2019/07-01-2019;2000;08-01-2019/15-01-2019;3000;16-01-2019/21-01-2019;4000;22-01-2019/31-01-2019;5500
OWEN;0501-020208;ORIENTE;1000;01-01-2019/07-01-2019;2000;08-01-2019/15-01-2019;3000;16-01-2019/21-01-2019;4000;22-01-2019/31-01-2019;5500
SELENEPILLOW;0501-020213;ORIENTE;1000;01-01-2019/07-01-2019;2000;08-01-2019/15-01-2019;3000;16-01-2019/21-01-2019;4000;22-01-2019/31-01-2019;5500
SPRING_AIR_2P;0501-020218;ORIENTE;1000;01-01-2019/07-01-2019;2000;08-01-2019/15-01-2019;3000;16-01-2019/21-01-2019;4000;22-01-2019/31-01-2019;5500
HELIOSPILLOW2;0501-020223;ORIENTE;1000;01-01-2019/07-01-2019;2000;08-01-2019/15-01-2019;3000;16-01-2019/21-01-2019;4000;22-01-2019/31-01-2019;5500
Z-ONE-RNEGRA;1101-010001;ORIENTE;1000;01-01-2019/07-01-2019;2000;08-01-2019/15-01-2019;3000;16-01-2019/21-01-2019;4000;22-01-2019/31-01-2019;5500
Z-ONE-RAZUL;1101-010006;ORIENTE;1000;01-01-2019/07-01-2019;2000;08-01-2019/15-01-2019;3000;16-01-2019/21-01-2019;4000;22-01-2019/31-01-2019;5500
Z-ONE-RROJA;1101-010011;ORIENTE;1000;01-01-2019/07-01-2019;2000;08-01-2019/15-01-2019;3000;16-01-2019/21-01-2019;4000;22-01-2019/31-01-2019;5500
Z-ONE-SNEGRA;1101-010016;ORIENTE;1000;01-01-2019/07-01-2019;2000;08-01-2019/15-01-2019;3000;16-01-2019/21-01-2019;4000;22-01-2019/31-01-2019;5500
Z-ONE-SAZUL;1101-010021;ORIENTE;1000;01-01-2019/07-01-2019;2000;08-01-2019/15-01-2019;3000;16-01-2019/21-01-2019;4000;22-01-2019/31-01-2019;5500
Z-ONE-SROJA;1101-010026;ORIENTE;1000;01-01-2019/07-01-2019;2000;08-01-2019/15-01-2019;3000;16-01-2019/21-01-2019;4000;22-01-2019/31-01-2019;5500
ZS110NEGRA;1101-010031;ORIENTE;1000;01-01-2019/07-01-2019;2000;08-01-2019/15-01-2019;3000;16-01-2019/21-01-2019;4000;22-01-2019/31-01-2019;5500
ZS110BLANCA;1101-010036;ORIENTE;1000;01-01-2019/07-01-2019;2000;08-01-2019/15-01-2019;3000;16-01-2019/21-01-2019;4000;22-01-2019/31-01-2019;5500
ZS110ROJA;1101-010041;ORIENTE;1000;01-01-2019/07-01-2019;2000;08-01-2019/15-01-2019;3000;16-01-2019/21-01-2019;4000;22-01-2019/31-01-2019;5500
Z-MAXNEGRA;1101-010086;ORIENTE;1000;01-01-2019/07-01-2019;2000;08-01-2019/15-01-2019;3000;16-01-2019/21-01-2019;4000;22-01-2019/31-01-2019;5500
Z-MAXROJA;1101-010091;ORIENTE;1000;01-01-2019/07-01-2019;2000;08-01-2019/15-01-2019;3000;16-01-2019/21-01-2019;4000;22-01-2019/31-01-2019;5500
Z-MAXBLANCO;1101-010096;ORIENTE;1000;01-01-2019/07-01-2019;2000;08-01-2019/15-01-2019;3000;16-01-2019/21-01-2019;4000;22-01-2019/31-01-2019;5500
TRIAX200ROJA;1101-010101;ORIENTE;1000;01-01-2019/07-01-2019;2000;08-01-2019/15-01-2019;3000;16-01-2019/21-01-2019;4000;22-01-2019/31-01-2019;5500
TRIAX200NEGRA;1101-010111;ORIENTE;1000;01-01-2019/07-01-2019;2000;08-01-2019/15-01-2019;3000;16-01-2019/21-01-2019;4000;22-01-2019/31-01-2019;5500
V5NEGRO;1101-010141;ORIENTE;1000;01-01-2019/07-01-2019;2000;08-01-2019/15-01-2019;3000;16-01-2019/21-01-2019;4000;22-01-2019/31-01-2019;5500
ZX200AZUL;1101-020001;ORIENTE;1000;01-01-2019/07-01-2019;2000;08-01-2019/15-01-2019;3000;16-01-2019/21-01-2019;4000;22-01-2019/31-01-2019;5500
ZX200ROJA;1101-020006;ORIENTE;1000;01-01-2019/07-01-2019;2000;08-01-2019/15-01-2019;3000;16-01-2019/21-01-2019;4000;22-01-2019/31-01-2019;5500
ZX200NEGRA;1101-020011;ORIENTE;1000;01-01-2019/07-01-2019;2000;08-01-2019/15-01-2019;3000;16-01-2019/21-01-2019;4000;22-01-2019/31-01-2019;5500
SPEX150NEGRA;1101-020016;ORIENTE;1000;01-01-2019/07-01-2019;2000;08-01-2019/15-01-2019;3000;16-01-2019/21-01-2019;4000;22-01-2019/31-01-2019;5500
SPEX150ROJA;1101-020021;ORIENTE;1000;01-01-2019/07-01-2019;2000;08-01-2019/15-01-2019;3000;16-01-2019/21-01-2019;4000;22-01-2019/31-01-2019;5500
SPEX150AZUL;1101-020026;ORIENTE;1000;01-01-2019/07-01-2019;2000;08-01-2019/15-01-2019;3000;16-01-2019/21-01-2019;4000;22-01-2019/31-01-2019;5500
RX3AZUL;1101-020031;ORIENTE;1000;01-01-2019/07-01-2019;2000;08-01-2019/15-01-2019;3000;16-01-2019/21-01-2019;4000;22-01-2019/31-01-2019;5500
RX3AMBAR;1101-020036;ORIENTE;1000;01-01-2019/07-01-2019;2000;08-01-2019/15-01-2019;3000;16-01-2019/21-01-2019;4000;22-01-2019/31-01-2019;5500
RX3SILVER;1101-020041;ORIENTE;1000;01-01-2019/07-01-2019;2000;08-01-2019/15-01-2019;3000;16-01-2019/21-01-2019;4000;22-01-2019/31-01-2019;5500
RX3ROJA;1101-020046;ORIENTE;1000;01-01-2019/07-01-2019;2000;08-01-2019/15-01-2019;3000;16-01-2019/21-01-2019;4000;22-01-2019/31-01-2019;5500
NITROX150NEGRA;1101-030016;ORIENTE;1000;01-01-2019/07-01-2019;2000;08-01-2019/15-01-2019;3000;16-01-2019/21-01-2019;4000;22-01-2019/31-01-2019;5500
NITROX150BLANC;1101-030021;ORIENTE;1000;01-01-2019/07-01-2019;2000;08-01-2019/15-01-2019;3000;16-01-2019/21-01-2019;4000;22-01-2019/31-01-2019;5500
NITROX150AZUL;1101-030026;ORIENTE;1000;01-01-2019/07-01-2019;2000;08-01-2019/15-01-2019;3000;16-01-2019/21-01-2019;4000;22-01-2019/31-01-2019;5500
NITROX150ROJA;1101-030031;ORIENTE;1000;01-01-2019/07-01-2019;2000;08-01-2019/15-01-2019;3000;16-01-2019/21-01-2019;4000;22-01-2019/31-01-2019;5500
EVO125NEGRA;1101-030036;ORIENTE;1000;01-01-2019/07-01-2019;2000;08-01-2019/15-01-2019;3000;16-01-2019/21-01-2019;4000;22-01-2019/31-01-2019;5500
EVO125ROJA;1101-030041;ORIENTE;1000;01-01-2019/07-01-2019;2000;08-01-2019/15-01-2019;3000;16-01-2019/21-01-2019;4000;22-01-2019/31-01-2019;5500
MILANO125VERD;1101-030046;ORIENTE;1000;01-01-2019/07-01-2019;2000;08-01-2019/15-01-2019;3000;16-01-2019/21-01-2019;4000;22-01-2019/31-01-2019;5500
MILANO125MARR;1101-030051;ORIENTE;1000;01-01-2019/07-01-2019;2000;08-01-2019/15-01-2019;3000;16-01-2019/21-01-2019;4000;22-01-2019/31-01-2019;5500
MILANO125NEGR;1101-030056;ORIENTE;1000;01-01-2019/07-01-2019;2000;08-01-2019/15-01-2019;3000;16-01-2019/21-01-2019;4000;22-01-2019/31-01-2019;5500
NVANITROXROJO;1101-030081;ORIENTE;1000;01-01-2019/07-01-2019;2000;08-01-2019/15-01-2019;3000;16-01-2019/21-01-2019;4000;22-01-2019/31-01-2019;5500
NVANITROXBLAN;1101-030086;ORIENTE;1000;01-01-2019/07-01-2019;2000;08-01-2019/15-01-2019;3000;16-01-2019/21-01-2019;4000;22-01-2019/31-01-2019;5500
ZS150-ANEGRA;1101-040001;ORIENTE;1000;01-01-2019/07-01-2019;2000;08-01-2019/15-01-2019;3000;16-01-2019/21-01-2019;4000;22-01-2019/31-01-2019;5500
ZS150-ABLANCA;1101-040006;ORIENTE;1000;01-01-2019/07-01-2019;2000;08-01-2019/15-01-2019;3000;16-01-2019/21-01-2019;4000;22-01-2019/31-01-2019;5500
ZS150-AROJA;1101-040011;ORIENTE;1000;01-01-2019/07-01-2019;2000;08-01-2019/15-01-2019;3000;16-01-2019/21-01-2019;4000;22-01-2019/31-01-2019;5500
RX150NEGRA;1101-040016;ORIENTE;1000;01-01-2019/07-01-2019;2000;08-01-2019/15-01-2019;3000;16-01-2019/21-01-2019;4000;22-01-2019/31-01-2019;5500
RX150AZUL;1101-040021;ORIENTE;1000;01-01-2019/07-01-2019;2000;08-01-2019/15-01-2019;3000;16-01-2019/21-01-2019;4000;22-01-2019/31-01-2019;5500
RX150ROJA;1101-040026;ORIENTE;1000;01-01-2019/07-01-2019;2000;08-01-2019/15-01-2019;3000;16-01-2019/21-01-2019;4000;22-01-2019/31-01-2019;5500
ZS150-SGLEAZU;1104-010001;ORIENTE;1000;01-01-2019/07-01-2019;2000;08-01-2019/15-01-2019;3000;16-01-2019/21-01-2019;4000;22-01-2019/31-01-2019;5500
ZS150-SGLEROJ;1104-010006;ORIENTE;1000;01-01-2019/07-01-2019;2000;08-01-2019/15-01-2019;3000;16-01-2019/21-01-2019;4000;22-01-2019/31-01-2019;5500
ZS150-SGLHAZU;1104-010011;ORIENTE;1000;01-01-2019/07-01-2019;2000;08-01-2019/15-01-2019;3000;16-01-2019/21-01-2019;4000;22-01-2019/31-01-2019;5500
ZS150-SGLHROJ;1104-010016;ORIENTE;1000;01-01-2019/07-01-2019;2000;08-01-2019/15-01-2019;3000;16-01-2019/21-01-2019;4000;22-01-2019/31-01-2019;5500
ZS125-SGLEROJ;1104-010031;ORIENTE;1000;01-01-2019/07-01-2019;2000;08-01-2019/15-01-2019;3000;16-01-2019/21-01-2019;4000;22-01-2019/31-01-2019;5500
ZS125-SGLEAMA;1104-010036;ORIENTE;1000;01-01-2019/07-01-2019;2000;08-01-2019/15-01-2019;3000;16-01-2019/21-01-2019;4000;22-01-2019/31-01-2019;5500
ZS125-SGLEAZU;1104-010041;ORIENTE;1000;01-01-2019/07-01-2019;2000;08-01-2019/15-01-2019;3000;16-01-2019/21-01-2019;4000;22-01-2019/31-01-2019;5500
ZS150SAXLC;1104-010046;ORIENTE;1000;01-01-2019/07-01-2019;2000;08-01-2019/15-01-2019;3000;16-01-2019/21-01-2019;4000;22-01-2019/31-01-2019;5500
ZS125-SGLHAZU;1104-010051;ORIENTE;1000;01-01-2019/07-01-2019;2000;08-01-2019/15-01-2019;3000;16-01-2019/21-01-2019;4000;22-01-2019/31-01-2019;5500
ZS125-SXLAZUL;1104-010061;ORIENTE;1000;01-01-2019/07-01-2019;2000;08-01-2019/15-01-2019;3000;16-01-2019/21-01-2019;4000;22-01-2019/31-01-2019;5500
ZS200CMAZUL;1104-020001;ORIENTE;1000;01-01-2019/07-01-2019;2000;08-01-2019/15-01-2019;3000;16-01-2019/21-01-2019;4000;22-01-2019/31-01-2019;5500
ZS200CMROJA;1104-020006;ORIENTE;1000;01-01-2019/07-01-2019;2000;08-01-2019/15-01-2019;3000;16-01-2019/21-01-2019;4000;22-01-2019/31-01-2019;5500
ZS250CMAZUL;1104-020011;ORIENTE;1000;01-01-2019/07-01-2019;2000;08-01-2019/15-01-2019;3000;16-01-2019/21-01-2019;4000;22-01-2019/31-01-2019;5500
ZS250CMROJA;1104-020016;ORIENTE;1000;01-01-2019/07-01-2019;2000;08-01-2019/15-01-2019;3000;16-01-2019/21-01-2019;4000;22-01-2019/31-01-2019;5500
